Time,Red_light,IR_light,SpO2,SpO2Valid,,,remove zeros,,,50 point moving average
1744498426,21,29,97,1,,,97,,,94.25490196
1744498426,29,29,97,1,,,97,,,93.98039216
1744498426,27,33,97,1,,,97,,,93.70588235
1744498426,28,36,97,1,,,97,,,93.43137255
1744498427,24,39,97,1,,,97,,,93.15686275
1744498427,25,33,97,1,,,97,,,92.88235294
1744498427,25,33,97,1,,,97,,,92.60784314
1744498427,23,32,97,1,,,97,,,92.33333333
1744498427,14,33,97,1,,,97,,,92.05882353
1744498427,0,39,97,1,,,97,,,91.78431373
1744498427,0,30,97,1,,,97,,,91.50980392
1744498427,3598,34,97,1,,,97,,,91.23529412
1744498427,2189,37,97,1,,,97,,,90.96078431
1744498427,0,18,97,1,,,97,,,90.68627451
1744498428,0,0,97,1,,,97,,,90.41176471
1744498428,428,0,97,1,,,97,,,90.1372549
1744498428,1124,3125,97,1,,,97,,,89.54901961
1744498428,154,1301,97,1,,,97,,,88.96078431
1744498428,38,0,97,1,,,97,,,88.37254902
1744498428,29,0,97,1,,,97,,,87.78431373
1744498428,22,488,97,1,,,97,,,87.19607843
1744498428,17,810,97,1,,,97,,,86.60784314
1744498428,23,173,97,1,,,97,,,86.01960784
1744498428,26,29,97,1,,,97,,,85.43137255
1744498429,29,32,97,1,,,97,,,84.84313725
1744498429,30,36,97,1,,,97,,,84.25490196
1744498429,25,33,97,1,,,97,,,83.66666667
1744498429,26,37,97,1,,,97,,,83.07843137
1744498429,29,37,97,1,,,97,,,82.49019608
1744498429,36,37,97,1,,,97,,,81.90196078
1744498429,32,36,97,1,,,97,,,81.31372549
1744498429,21,37,97,1,,,97,,,80.7254902
1744498429,21,30,97,1,,,97,,,80.1372549
1744498429,29,25,97,1,,,97,,,79.54901961
1744498430,31,34,97,1,,,97,,,78.96078431
1744498430,26,31,97,1,,,97,,,78.37254902
1744498430,23,37,97,1,,,97,,,77.78431373
1744498430,28,33,97,1,,,97,,,77.19607843
1744498430,32,34,97,1,,,97,,,76.60784314
1744498430,33,35,97,1,,,97,,,76.01960784
1744498430,27,36,97,1,,,97,,,75.43137255
1744498430,30,36,83,1,,,83,,,74.35294118
1744498430,33,32,83,1,,,83,,,73.54901961
1744498430,27,33,83,1,,,83,,,72.74509804
1744498431,27,31,83,1,,,83,,,71.94117647
1744498431,33,29,83,1,,,83,,,71.1372549
1744498431,33,34,83,1,,,83,,,70.33333333
1744498431,29,34,83,1,,,83,,,69.52941176
1744498431,21,42,83,1,,,83,,,68.7254902
1744498431,27,36,83,1,,,83,,,67.92156863
1744498431,0,31,83,1,,,83,,,67.11764706
1744498431,0,38,83,1,,,83,,,66.31372549
1744498431,228,30,83,1,,,83,,,65.50980392
1744498431,3787,30,83,1,,,83,,,64.70588235
1744498432,1436,30,83,1,,,83,,,63.90196078
1744498432,0,0,83,1,,,83,,,63.09803922
1744498432,0,0,83,1,,,83,,,62.29411765
1744498432,607,272,83,1,,,83,,,61.49019608
1744498432,1139,3359,83,1,,,83,,,60.68627451
1744498432,179,1399,83,1,,,83,,,59.88235294
1744498432,20,14,83,1,,,83,,,59.07843137
1744498432,26,0,83,1,,,83,,,58.2745098
1744498432,34,205,83,1,,,83,,,57.47058824
1744498432,30,1047,83,1,,,83,,,56.66666667
1744498433,16,276,83,1,,,83,,,55.8627451
1744498433,23,33,83,1,,,83,,,55.05882353
1744498433,36,27,67,1,,,67,,,55.11764706
1744498433,25,41,67,1,,,67,,,55.49019608
1744498433,31,39,67,1,,,67,,,55.8627451
1744498433,35,23,67,1,,,67,,,56.23529412
1744498433,31,38,67,1,,,67,,,56.60784314
1744498433,30,37,67,1,,,67,,,56.98039216
1744498433,20,36,67,1,,,67,,,57.35294118
1744498433,21,27,67,1,,,67,,,57.7254902
1744498434,31,33,67,1,,,67,,,58.09803922
1744498434,30,36,67,1,,,67,,,58.47058824
1744498434,19,35,67,1,,,67,,,58.84313725
1744498434,25,34,67,1,,,67,,,59.21568627
1744498434,34,32,67,1,,,67,,,59.58823529
1744498434,29,34,67,1,,,67,,,59.96078431
1744498434,30,30,67,1,,,67,,,60.33333333
1744498434,23,33,67,1,,,67,,,60.70588235
1744498434,23,27,67,1,,,67,,,61.07843137
1744498434,32,37,67,1,,,67,,,61.45098039
1744498435,29,35,67,1,,,67,,,61.82352941
1744498435,21,35,67,1,,,67,,,62.19607843
1744498435,26,31,67,1,,,67,,,62.56862745
1744498435,32,34,67,1,,,67,,,62.94117647
1744498435,27,34,67,1,,,67,,,63.31372549
1744498435,27,36,67,1,,,67,,,63.68627451
1744498435,24,35,67,1,,,67,,,64.05882353
1744498435,20,32,42,1,,,42,,,64.47058824
1744498435,0,33,42,1,,,42,,,65.37254902
1744498435,0,37,42,1,,,42,,,66.2745098
1744498436,2943,30,42,1,,,42,,,67.17647059
1744498436,1498,26,42,1,,,42,,,68.07843137
1744498436,0,26,42,1,,,42,,,68.98039216
1744498436,0,0,42,1,,,42,,,69.88235294
1744498436,352,0,42,1,,,42,,,70.78431373
1744498436,926,3753,42,1,,,42,,,71.68627451
1744498436,203,1625,42,1,,,42,,,72.58823529
1744498436,33,0,42,1,,,42,,,73.49019608
1744498436,25,0,42,1,,,42,,,74.39215686
1744498436,23,889,42,1,,,42,,,75.29411765
1744498437,29,861,42,1,,,42,,,76.19607843
1744498437,26,51,42,1,,,42,,,77.09803922
1744498437,28,34,42,1,,,42,,,78
1744498437,22,38,42,1,,,42,,,78.90196078
1744498437,27,34,42,1,,,42,,,79.80392157
1744498437,37,33,42,1,,,42,,,80.70588235
1744498437,28,30,42,1,,,42,,,81.60784314
1744498437,21,35,42,1,,,42,,,82.50980392
1744498437,17,41,42,1,,,42,,,83.41176471
1744498437,38,25,42,1,,,42,,,84.31372549
1744498438,37,37,42,1,,,42,,,85.21568627
1744498438,25,34,42,1,,,42,,,86.11764706
1744498438,31,32,86,1,,,86,,,86.62745098
1744498438,25,39,86,1,,,86,,,86.2745098
1744498438,24,36,86,1,,,86,,,85.92156863
1744498438,21,41,86,1,,,86,,,85.56862745
1744498438,24,29,86,1,,,86,,,85.21568627
1744498438,31,32,86,1,,,86,,,84.8627451
1744498438,29,44,86,1,,,86,,,84.50980392
1744498438,27,40,86,1,,,86,,,84.15686275
1744498439,26,38,86,1,,,86,,,83.80392157
1744498439,36,31,86,1,,,86,,,83.45098039
1744498439,29,31,86,1,,,86,,,83.09803922
1744498439,30,32,86,1,,,86,,,82.74509804
1744498439,20,33,86,1,,,86,,,82.39215686
1744498439,31,31,86,1,,,86,,,82.03921569
1744498439,34,33,86,1,,,86,,,81.68627451
1744498439,26,32,86,1,,,86,,,81.33333333
1744498439,27,33,86,1,,,86,,,80.98039216
1744498439,0,34,86,1,,,86,,,80.62745098
1744498440,0,31,86,1,,,86,,,80.2745098
1744498440,3558,37,86,1,,,86,,,79.92156863
1744498440,2100,33,86,1,,,86,,,79.56862745
1744498440,0,7,86,1,,,86,,,79.21568627
1744498440,0,0,86,1,,,86,,,78.8627451
1744498440,511,85,86,1,,,86,,,78.50980392
1744498440,1122,3236,86,1,,,86,,,78.15686275
1744498440,159,1343,88,1,,,88,,,77.74509804
1744498440,30,0,88,1,,,88,,,77.29411765
1744498440,40,0,88,1,,,88,,,76.84313725
1744498441,32,286,88,1,,,88,,,76.39215686
1744498441,26,969,88,1,,,88,,,75.94117647
1744498441,17,233,88,1,,,88,,,75.49019608
1744498441,23,38,88,1,,,88,,,75.03921569
1744498441,29,32,88,1,,,88,,,74.58823529
1744498441,33,32,88,1,,,88,,,74.1372549
1744498441,28,37,88,1,,,88,,,73.68627451
1744498441,22,39,88,1,,,88,,,73.23529412
1744498441,28,30,88,1,,,88,,,72.78431373
1744498441,32,26,88,1,,,88,,,72.33333333
1744498442,29,34,88,1,,,88,,,71.88235294
1744498442,21,39,88,1,,,88,,,71.43137255
1744498442,22,34,88,1,,,88,,,70.98039216
1744498442,35,30,88,1,,,88,,,70.52941176
1744498442,30,33,88,1,,,88,,,70.07843137
1744498442,28,32,88,1,,,88,,,69.62745098
1744498442,19,34,88,1,,,88,,,69.17647059
1744498442,28,35,88,1,,,88,,,68.7254902
1744498442,31,35,88,1,,,88,,,68.2745098
1744498442,28,38,88,1,,,88,,,67.82352941
1744498443,21,37,88,1,,,88,,,67.37254902
1744498443,27,27,88,1,,,88,,,66.92156863
1744498443,23,35,68,1,,,68,,,67
1744498443,26,33,68,1,,,68,,,67.47058824
1744498443,21,28,68,1,,,68,,,67.94117647
1744498443,28,34,68,1,,,68,,,68.41176471
1744498443,28,33,68,1,,,68,,,68.88235294
1744498443,22,36,68,1,,,68,,,69.35294118
1744498443,30,33,68,1,,,68,,,69.82352941
1744498443,34,33,68,1,,,68,,,70.29411765
1744498444,28,36,68,1,,,68,,,70.76470588
1744498444,0,34,68,1,,,68,,,71.23529412
1744498444,0,30,68,1,,,68,,,71.70588235
1744498444,3507,37,68,1,,,68,,,72.17647059
1744498444,2074,34,68,1,,,68,,,72.64705882
1744498444,0,9,68,1,,,68,,,73.11764706
1744498444,0,0,68,1,,,68,,,73.58823529
1744498444,512,92,68,1,,,68,,,74.05882353
1744498444,1109,3239,68,1,,,68,,,74.52941176
1744498444,221,1639,68,1,,,68,,,75
1744498445,35,40,68,1,,,68,,,75.47058824
1744498445,34,0,68,1,,,68,,,75.94117647
1744498445,25,138,68,1,,,68,,,76.41176471
1744498445,20,1065,68,1,,,68,,,76.88235294
1744498445,17,336,68,1,,,68,,,77.35294118
1744498445,29,37,68,1,,,68,,,77.82352941
1744498445,26,33,68,1,,,68,,,78.29411765
1744498445,25,35,65,1,,,65,,,78.8627451
1744498445,24,37,65,1,,,65,,,79.49019608
1744498445,30,26,65,1,,,65,,,80.11764706
1744498446,27,30,65,1,,,65,,,80.74509804
1744498446,33,33,65,1,,,65,,,81.37254902
1744498446,25,34,65,1,,,65,,,82
1744498446,25,33,65,1,,,65,,,82.62745098
1744498446,30,30,65,1,,,65,,,83.25490196
1744498446,27,36,65,1,,,65,,,83.88235294
1744498446,31,40,65,1,,,65,,,84.50980392
1744498446,21,36,65,1,,,65,,,85.1372549
1744498446,25,37,65,1,,,65,,,85.76470588
1744498446,37,29,65,1,,,65,,,86.39215686
1744498447,33,35,65,1,,,65,,,87.01960784
1744498447,27,33,65,1,,,65,,,87.64705882
1744498447,18,37,65,1,,,65,,,88.2745098
1744498447,19,36,65,1,,,65,,,88.90196078
1744498447,31,34,65,1,,,65,,,89.52941176
1744498447,35,34,65,1,,,65,,,90.15686275
1744498447,31,35,65,1,,,65,,,90.78431373
1744498447,25,35,65,1,,,65,,,91.41176471
1744498447,25,33,65,1,,,65,,,92.03921569
1744498447,38,24,65,1,,,65,,,92.66666667
1744498448,29,29,65,1,,,65,,,93.29411765
1744498448,27,26,65,1,,,65,,,93.92156863
1744498453,21,0,92,1,,,92,,,94.25490196
1744498453,29,15,92,1,,,92,,,94.05882353
1744498453,30,922,92,1,,,92,,,93.8627451
1744498453,32,428,92,1,,,92,,,93.66666667
1744498453,28,51,92,1,,,92,,,93.47058824
1744498453,23,38,92,1,,,92,,,93.2745098
1744498453,26,39,92,1,,,92,,,93.07843137
1744498453,24,29,92,1,,,92,,,92.88235294
1744498454,27,29,92,1,,,92,,,92.68627451
1744498454,27,39,92,1,,,92,,,92.49019608
1744498454,21,34,92,1,,,92,,,92.29411765
1744498454,27,37,92,1,,,92,,,92.09803922
1744498454,25,28,92,1,,,92,,,91.90196078
1744498454,36,32,92,1,,,92,,,91.70588235
1744498454,29,34,92,1,,,92,,,91.50980392
1744498454,27,35,92,1,,,92,,,91.31372549
1744498454,25,31,92,1,,,92,,,91.11764706
1744498454,33,35,92,1,,,92,,,90.92156863
1744498455,29,28,92,1,,,92,,,90.7254902
1744498455,27,38,92,1,,,92,,,90.52941176
1744498455,29,34,92,1,,,92,,,90.33333333
1744498455,34,34,92,1,,,92,,,90.1372549
1744498455,33,37,92,1,,,92,,,89.94117647
1744498455,24,31,92,1,,,92,,,89.74509804
1744498455,27,34,92,1,,,92,,,89.54901961
1744498455,24,34,97,1,,,97,,,88.80392157
1744498455,25,31,97,1,,,97,,,87.96078431
1744498455,25,35,97,1,,,97,,,87.11764706
1744498456,27,31,97,1,,,97,,,86.2745098
1744498456,26,40,97,1,,,97,,,85.43137255
1744498456,32,38,97,1,,,97,,,84.58823529
1744498456,8,27,97,1,,,97,,,83.74509804
1744498456,0,37,97,1,,,97,,,82.90196078
1744498456,368,19,97,1,,,97,,,82.05882353
1744498456,3456,32,97,1,,,97,,,81.21568627
1744498456,938,25,97,1,,,97,,,80.37254902
1744498456,0,5,97,1,,,97,,,79.52941176
1744498456,0,0,97,1,,,97,,,78.68627451
1744498457,755,699,97,1,,,97,,,77.84313725
1744498457,520,3232,97,1,,,97,,,77
1744498457,65,685,97,1,,,97,,,76.15686275
1744498457,27,0,97,1,,,97,,,75.31372549
1744498457,24,0,97,1,,,97,,,74.47058824
1744498457,31,1067,97,1,,,97,,,73.62745098
1744498457,25,535,97,1,,,97,,,72.78431373
1744498457,33,31,97,1,,,97,,,71.94117647
1744498457,19,38,97,1,,,97,,,71.09803922
1744498457,25,37,97,1,,,97,,,70.25490196
1744498458,25,28,97,1,,,97,,,69.41176471
1744498458,26,31,97,1,,,97,,,68.56862745
1744498458,27,32,82,1,,,82,,,67.82352941
1744498458,27,36,82,1,,,82,,,67.37254902
1744498458,17,29,82,1,,,82,,,66.92156863
1744498458,32,35,82,1,,,82,,,66.47058824
1744498458,25,32,82,1,,,82,,,66.01960784
1744498458,25,37,82,1,,,82,,,65.56862745
1744498458,21,36,82,1,,,82,,,65.11764706
1744498458,34,34,82,1,,,82,,,64.66666667
1744498459,25,34,82,1,,,82,,,64.21568627
1744498459,29,35,82,1,,,82,,,63.76470588
1744498459,21,37,82,1,,,82,,,63.31372549
1744498459,31,32,82,1,,,82,,,62.8627451
1744498459,22,29,82,1,,,82,,,62.41176471
1744498459,30,40,82,1,,,82,,,61.96078431
1744498459,24,39,82,1,,,82,,,61.50980392
1744498459,20,35,82,1,,,82,,,61.05882353
1744498459,27,32,82,1,,,82,,,60.60784314
1744498459,38,27,82,1,,,82,,,60.15686275
1744498460,31,37,82,1,,,82,,,59.70588235
1744498460,25,34,82,1,,,82,,,59.25490196
1744498460,16,37,82,1,,,82,,,58.80392157
1744498460,25,32,82,1,,,82,,,58.35294118
1744498460,0,28,82,1,,,82,,,57.90196078
1744498460,0,34,82,1,,,82,,,57.45098039
1744498460,1920,29,82,1,,,82,,,57
1744498460,2362,43,54,1,,,54,,,56.49019608
1744498460,301,35,54,1,,,54,,,56.52941176
1744498460,0,0,54,1,,,54,,,56.56862745
1744498461,72,0,54,1,,,54,,,56.60784314
1744498461,1051,3353,54,1,,,54,,,56.64705882
1744498461,349,2288,54,1,,,54,,,56.68627451
1744498461,33,0,54,1,,,54,,,56.7254902
1744498461,25,0,54,1,,,54,,,56.76470588
1744498461,31,397,54,1,,,54,,,56.80392157
1744498461,28,1078,54,1,,,54,,,56.84313725
1744498461,23,232,54,1,,,54,,,56.88235294
1744498461,27,34,54,1,,,54,,,56.92156863
1744498461,34,37,54,1,,,54,,,56.96078431
1744498462,22,38,54,1,,,54,,,57
1744498462,30,31,54,1,,,54,,,57.03921569
1744498462,25,26,54,1,,,54,,,57.07843137
1744498462,29,32,54,1,,,54,,,57.11764706
1744498462,31,32,54,1,,,54,,,57.15686275
1744498462,19,35,54,1,,,54,,,57.19607843
1744498462,24,33,54,1,,,54,,,57.23529412
1744498462,34,30,54,1,,,54,,,57.2745098
1744498462,30,30,54,1,,,54,,,57.31372549
1744498462,29,32,54,1,,,54,,,57.35294118
1744498463,27,38,54,1,,,54,,,57.39215686
1744498463,25,40,54,1,,,54,,,57.43137255
1744498463,21,37,59,1,,,59,,,57.47058824
1744498463,36,31,59,1,,,59,,,57.41176471
1744498463,29,34,59,1,,,59,,,57.35294118
1744498463,24,42,59,1,,,59,,,57.29411765
1744498463,24,38,59,1,,,59,,,57.23529412
1744498463,28,34,59,1,,,59,,,57.17647059
1744498463,32,35,59,1,,,59,,,57.11764706
1744498463,25,37,59,1,,,59,,,57.05882353
1744498464,25,38,59,1,,,59,,,57
1744498464,25,30,59,1,,,59,,,56.94117647
1744498464,30,27,59,1,,,59,,,56.88235294
1744498464,32,34,59,1,,,59,,,56.82352941
1744498464,25,43,59,1,,,59,,,56.76470588
1744498464,0,33,59,1,,,59,,,56.70588235
1744498464,0,24,59,1,,,59,,,56.64705882
1744498464,2168,39,59,1,,,59,,,56.58823529
1744498464,3491,39,59,1,,,59,,,56.52941176
1744498464,160,35,59,1,,,59,,,56.47058824
1744498465,0,0,59,1,,,59,,,56.41176471
1744498465,94,0,59,1,,,59,,,56.35294118
1744498465,977,2140,59,1,,,59,,,56.29411765
1744498465,308,2125,59,1,,,59,,,56.23529412
1744498465,49,192,59,1,,,59,,,56.17647059
1744498465,32,0,59,1,,,59,,,56.11764706
1744498465,27,36,59,1,,,59,,,56.05882353
1744498470,22,32,56,1,,,56,,,56.56862745
1744498470,26,35,56,1,,,56,,,57.1372549
1744498470,33,40,56,1,,,56,,,57.70588235
1744498471,20,41,56,1,,,56,,,58.2745098
1744498471,26,37,56,1,,,56,,,58.84313725
1744498471,29,30,56,1,,,56,,,59.41176471
1744498471,31,29,56,1,,,56,,,59.98039216
1744498471,28,32,56,1,,,56,,,60.54901961
1744498471,19,34,56,1,,,56,,,61.11764706
1744498471,21,31,56,1,,,56,,,61.68627451
1744498471,39,35,56,1,,,56,,,62.25490196
1744498471,31,25,56,1,,,56,,,62.82352941
1744498472,26,36,56,1,,,56,,,63.39215686
1744498472,25,35,56,1,,,56,,,63.96078431
1744498472,31,25,56,1,,,56,,,64.52941176
1744498472,26,36,56,1,,,56,,,65.09803922
1744498472,29,34,56,1,,,56,,,65.66666667
1744498472,21,36,56,1,,,56,,,66.23529412
1744498472,28,35,56,1,,,56,,,66.80392157
1744498472,35,25,56,1,,,56,,,67.37254902
1744498472,10,31,56,1,,,56,,,67.94117647
1744498472,0,35,56,1,,,56,,,68.50980392
1744498472,49,28,56,1,,,56,,,69.07843137
1744498473,2999,33,56,1,,,56,,,69.64705882
1744498473,1480,32,56,1,,,56,,,70.21568627
1744498473,32,24,56,1,,,56,,,69.47058824
1744498473,0,0,56,1,,,56,,,68.7254902
1744498473,161,0,56,1,,,56,,,67.98039216
1744498473,978,3423,56,1,,,56,,,67.23529412
1744498473,279,1933,56,1,,,56,,,66.49019608
1744498473,25,0,56,1,,,56,,,65.74509804
1744498473,33,0,56,1,,,56,,,65
1744498473,21,633,56,1,,,56,,,64.25490196
1744498474,21,1013,56,1,,,56,,,63.50980392
1744498474,28,122,56,1,,,56,,,62.76470588
1744498474,24,29,56,1,,,56,,,62.01960784
1744498474,28,27,56,1,,,56,,,61.2745098
1744498474,34,35,56,1,,,56,,,60.52941176
1744498474,27,34,56,1,,,56,,,59.78431373
1744498474,25,37,56,1,,,56,,,59.03921569
1744498474,26,32,56,1,,,56,,,58.29411765
1744498474,29,35,56,1,,,56,,,57.54901961
1744498474,33,29,56,1,,,56,,,56.80392157
1744498475,27,42,56,1,,,56,,,56.05882353
1744498475,29,35,56,1,,,56,,,55.31372549
1744498475,26,26,56,1,,,56,,,54.56862745
1744498475,30,33,56,1,,,56,,,53.82352941
1744498475,22,40,56,1,,,56,,,53.07843137
1744498475,23,37,56,1,,,56,,,52.33333333
1744498475,26,35,56,1,,,56,,,51.58823529
1744498475,25,33,85,1,,,85,,,52.37254902
1744498475,21,35,85,1,,,85,,,52.58823529
1744498476,26,31,85,1,,,85,,,52.80392157
1744498476,30,25,85,1,,,85,,,53.01960784
1744498476,28,35,85,1,,,85,,,53.23529412
1744498476,24,36,85,1,,,85,,,53.45098039
1744498476,26,33,85,1,,,85,,,53.66666667
1744498476,23,31,85,1,,,85,,,53.88235294
1744498476,27,37,85,1,,,85,,,54.09803922
1744498476,25,39,85,1,,,85,,,54.31372549
1744498476,26,38,85,1,,,85,,,54.52941176
1744498476,25,32,85,1,,,85,,,54.74509804
1744498477,0,30,85,1,,,85,,,54.96078431
1744498477,0,36,85,1,,,85,,,55.17647059
1744498477,449,38,85,1,,,85,,,55.39215686
1744498477,3353,36,85,1,,,85,,,55.60784314
1744498477,994,30,85,1,,,85,,,55.82352941
1744498477,0,14,85,1,,,85,,,56.03921569
1744498477,0,0,85,1,,,85,,,56.25490196
1744498477,361,0,85,1,,,85,,,56.47058824
1744498477,869,3541,85,1,,,85,,,56.68627451
1744498477,215,1646,85,1,,,85,,,56.90196078
1744498478,33,0,85,1,,,85,,,57.11764706
1744498478,19,0,85,1,,,85,,,57.33333333
1744498478,39,556,85,1,,,85,,,57.54901961
1744498485,2877,45,18,1,,,18,,,57.76470588
1744498485,573,35,18,1,,,18,,,59.29411765
1744498486,0,0,18,1,,,18,,,60.82352941
1744498486,0,0,18,1,,,18,,,62.35294118
1744498486,982,2550,18,1,,,18,,,63.88235294
1744498486,524,3081,18,1,,,18,,,65.41176471
1744498486,36,137,18,1,,,18,,,66.94117647
1744498486,30,0,18,1,,,18,,,68.47058824
1744498486,24,38,18,1,,,18,,,70
1744498486,24,891,18,1,,,18,,,71.52941176
1744498486,30,397,18,1,,,18,,,73.05882353
1744498486,29,55,18,1,,,18,,,74.58823529
1744498487,23,30,18,1,,,18,,,76.11764706
1744498487,22,36,18,1,,,18,,,77.64705882
1744498487,27,29,18,1,,,18,,,79.17647059
1744498487,31,34,18,1,,,18,,,80.70588235
1744498487,32,34,18,1,,,18,,,82.23529412
1744498487,34,28,18,1,,,18,,,83.76470588
1744498487,28,33,18,1,,,18,,,85.29411765
1744498487,24,37,18,1,,,18,,,86.82352941
1744498487,26,28,18,1,,,18,,,88.35294118
1744498487,29,30,18,1,,,18,,,89.88235294
1744498488,28,31,18,1,,,18,,,91.41176471
1744498488,24,38,18,1,,,18,,,92.94117647
1744498488,27,40,18,1,,,18,,,94.47058824
1744498490,33,0,96,1,,,96,,,95.60784314
1744498490,26,184,96,1,,,96,,,95.21568627
1744498491,21,964,96,1,,,96,,,94.82352941
1744498491,27,312,96,1,,,96,,,94.43137255
1744498491,28,32,96,1,,,96,,,94.03921569
1744498491,23,28,96,1,,,96,,,93.64705882
1744498491,32,36,96,1,,,96,,,93.25490196
1744498491,26,36,96,1,,,96,,,92.8627451
1744498491,30,39,96,1,,,96,,,92.47058824
1744498491,27,32,96,1,,,96,,,92.07843137
1744498491,28,34,96,1,,,96,,,91.68627451
1744498491,32,35,96,1,,,96,,,91.29411765
1744498492,28,38,96,1,,,96,,,90.90196078
1744498492,26,35,96,1,,,96,,,90.50980392
1744498492,26,34,96,1,,,96,,,90.11764706
1744498492,29,35,96,1,,,96,,,89.7254902
1744498492,25,34,96,1,,,96,,,89.33333333
1744498492,28,38,96,1,,,96,,,88.94117647
1744498492,24,36,96,1,,,96,,,88.54901961
1744498492,25,34,96,1,,,96,,,88.15686275
1744498492,31,32,96,1,,,96,,,87.76470588
1744498492,31,35,96,1,,,96,,,87.37254902
1744498493,21,31,96,1,,,96,,,86.98039216
1744498493,24,33,96,1,,,96,,,86.58823529
1744498493,26,34,96,1,,,96,,,86.19607843
1744498493,25,33,96,1,,,96,,,85.35294118
1744498493,16,36,96,1,,,96,,,84.50980392
1744498493,29,38,96,1,,,96,,,83.66666667
1744498493,35,31,96,1,,,96,,,82.82352941
1744498493,29,35,96,1,,,96,,,81.98039216
1744498493,30,35,96,1,,,96,,,81.1372549
1744498493,23,39,96,1,,,96,,,80.29411765
1744498494,0,33,96,1,,,96,,,79.45098039
1744498494,0,34,96,1,,,96,,,78.60784314
1744498494,3207,39,96,1,,,96,,,77.76470588
1744498494,2190,33,96,1,,,96,,,76.92156863
1744498494,0,19,96,1,,,96,,,76.07843137
1744498494,0,0,96,1,,,96,,,75.23529412
1744498494,344,0,96,1,,,96,,,74.39215686
1744498494,979,2810,96,1,,,96,,,73.54901961
1744498494,193,1494,96,1,,,96,,,72.70588235
1744498494,24,27,96,1,,,96,,,71.8627451
1744498495,24,0,96,1,,,96,,,71.01960784
1744498495,26,181,96,1,,,96,,,70.17647059
1744498495,31,931,96,1,,,96,,,69.33333333
1744498495,37,287,96,1,,,96,,,68.49019608
1744498495,28,37,96,1,,,96,,,67.64705882
1744498495,21,36,96,1,,,96,,,66.80392157
1744498495,21,42,96,1,,,96,,,65.96078431
1744498495,29,30,96,1,,,96,,,65.11764706
1744498495,30,32,76,1,,,76,,,64.23529412
1744498495,25,31,76,1,,,76,,,63.74509804
1744498496,31,32,76,1,,,76,,,63.25490196
1744498496,24,40,76,1,,,76,,,62.76470588
1744498496,24,31,76,1,,,76,,,62.2745098
1744498496,28,31,76,1,,,76,,,61.78431373
1744498496,28,33,76,1,,,76,,,61.29411765
1744498496,35,36,76,1,,,76,,,60.80392157
1744498496,24,34,76,1,,,76,,,60.31372549
1744498496,25,31,76,1,,,76,,,59.82352941
1744498496,37,31,76,1,,,76,,,59.33333333
1744498496,31,32,76,1,,,76,,,58.84313725
1744498497,32,31,76,1,,,76,,,58.35294118
1744498497,18,38,76,1,,,76,,,57.8627451
1744498497,35,39,76,1,,,76,,,57.37254902
1744498497,23,28,76,1,,,76,,,56.88235294
1744498497,27,35,76,1,,,76,,,56.39215686
1744498497,23,40,76,1,,,76,,,55.90196078
1744498497,20,34,76,1,,,76,,,55.41176471
1744498497,29,29,76,1,,,76,,,54.92156863
1744498497,22,38,76,1,,,76,,,54.43137255
1744498497,28,37,76,1,,,76,,,53.94117647
1744498498,34,24,76,1,,,76,,,53.45098039
1744498498,37,31,76,1,,,76,,,52.96078431
1744498498,0,35,76,1,,,76,,,52.47058824
1744498498,0,19,53,1,,,53,,,51.66666667
1744498498,2094,35,53,1,,,53,,,51.31372549
1744498498,3290,34,53,1,,,53,,,50.96078431
1744498498,172,33,53,1,,,53,,,50.60784314
1744498498,0,0,53,1,,,53,,,50.25490196
1744498498,86,0,53,1,,,53,,,49.90196078
1744498498,895,2049,53,1,,,53,,,49.54901961
1744498499,260,1919,53,1,,,53,,,49.19607843
1744498499,39,125,53,1,,,53,,,48.84313725
1744498499,24,0,53,1,,,53,,,48.49019608
1744498499,20,81,53,1,,,53,,,48.1372549
1744498499,26,956,53,1,,,53,,,47.78431373
1744498499,33,292,53,1,,,53,,,47.43137255
1744498499,34,31,53,1,,,53,,,47.07843137
1744498499,32,29,53,1,,,53,,,46.7254902
1744498499,23,36,53,1,,,53,,,46.37254902
1744498499,26,34,53,1,,,53,,,46.01960784
1744498500,34,25,53,1,,,53,,,45.66666667
1744498500,25,29,53,1,,,53,,,45.31372549
1744498500,29,30,53,1,,,53,,,44.96078431
1744498500,22,37,53,1,,,53,,,44.60784314
1744498500,22,36,53,1,,,53,,,44.25490196
1744498500,26,31,53,1,,,53,,,43.90196078
1744498500,30,33,53,1,,,53,,,43.54901961
1744498500,33,41,53,1,,,53,,,43.19607843
1744498500,23,40,51,1,,,51,,,44.07843137
1744498500,26,35,51,1,,,51,,,45
1744498501,31,32,51,1,,,51,,,45.92156863
1744498501,31,38,51,1,,,51,,,46.84313725
1744498501,29,33,51,1,,,51,,,47.76470588
1744498501,28,36,51,1,,,51,,,48.68627451
1744498501,29,37,51,1,,,51,,,49.60784314
1744498501,31,36,51,1,,,51,,,50.52941176
1744498501,36,28,51,1,,,51,,,51.45098039
1744498501,31,34,51,1,,,51,,,52.37254902
1744498501,30,30,51,1,,,51,,,53.29411765
1744498501,22,38,51,1,,,51,,,54.21568627
1744498502,30,34,51,1,,,51,,,55.1372549
1744498502,25,24,51,1,,,51,,,56.05882353
1744498502,24,27,51,1,,,51,,,56.98039216
1744498502,0,37,51,1,,,51,,,57.90196078
1744498502,0,33,51,1,,,51,,,58.82352941
1744498502,2620,31,51,1,,,51,,,59.74509804
1744498502,1473,29,51,1,,,51,,,60.66666667
1744498502,6,21,51,1,,,51,,,61.58823529
1744498502,0,0,51,1,,,51,,,62.50980392
1744498502,167,0,51,1,,,51,,,63.43137255
1744498503,879,3295,51,1,,,51,,,64.35294118
1744498503,240,1743,51,1,,,51,,,65.2745098
1744498503,22,0,51,1,,,51,,,66.19607843
1744498503,40,0,35,1,,,35,,,67.11764706
1744498503,29,559,35,1,,,35,,,68.35294118
1744498503,25,938,35,1,,,35,,,69.58823529
1744498503,24,109,35,1,,,35,,,70.82352941
1744498503,22,44,35,1,,,35,,,72.05882353
1744498503,33,36,35,1,,,35,,,73.29411765
1744498503,22,33,35,1,,,35,,,74.52941176
1744498504,33,33,35,1,,,35,,,75.76470588
1744498504,19,34,35,1,,,35,,,77
1744498504,27,36,35,1,,,35,,,78.23529412
1744498504,22,34,35,1,,,35,,,79.47058824
1744498504,35,28,35,1,,,35,,,80.70588235
1744498504,27,37,35,1,,,35,,,81.94117647
1744498504,21,40,35,1,,,35,,,83.17647059
1744498504,22,33,35,1,,,35,,,84.41176471
1744498504,34,31,35,1,,,35,,,85.64705882
1744498504,30,30,35,1,,,35,,,86.88235294
1744498505,21,37,35,1,,,35,,,88.11764706
1744498505,32,36,35,1,,,35,,,89.35294118
1744498505,38,33,35,1,,,35,,,90.58823529
1744498505,31,31,35,1,,,35,,,91.82352941
1744498505,21,35,35,1,,,35,,,93.05882353
1744498505,19,36,35,1,,,35,,,94.29411765
1744498505,32,35,35,1,,,35,,,95.52941176
1744498505,34,28,35,1,,,35,,,96.76470588
1744498515,31,836,98,1,,,98,,,98
1744498515,24,561,98,1,,,98,,,98
1744498516,24,41,98,1,,,98,,,98
1744498516,27,38,98,1,,,98,,,98
1744498516,20,40,98,1,,,98,,,98
1744498516,28,32,98,1,,,98,,,98
1744498516,32,31,98,1,,,98,,,98
1744498516,21,36,98,1,,,98,,,98
1744498516,19,41,98,1,,,98,,,98
1744498516,22,31,98,1,,,98,,,98
1744498516,30,38,98,1,,,98,,,98
1744498516,32,36,98,1,,,98,,,98
1744498517,29,34,98,1,,,98,,,98
1744498517,26,33,98,1,,,98,,,98
1744498517,36,30,98,1,,,98,,,98
1744498517,35,38,98,1,,,98,,,98
1744498517,31,35,98,1,,,98,,,98
1744498517,21,37,98,1,,,98,,,98
1744498517,28,41,98,1,,,98,,,98
1744498517,29,27,98,1,,,98,,,98
1744498517,35,30,98,1,,,98,,,98
1744498517,29,35,98,1,,,98,,,98
1744498518,23,34,98,1,,,98,,,98
1744498518,30,34,98,1,,,98,,,98
1744498518,25,35,98,1,,,98,,,98
1744498518,26,37,98,1,,,98,,,98
1744498518,23,40,98,1,,,98,,,98
1744498518,27,28,98,1,,,98,,,98
1744498518,6,35,98,1,,,98,,,98
1744498518,0,35,98,1,,,98,,,98
1744498518,335,28,98,1,,,98,,,98
1744498518,3180,30,98,1,,,98,,,98
1744498519,700,35,98,1,,,98,,,98
1744498519,0,0,98,1,,,98,,,98
1744498519,0,0,98,1,,,98,,,98
1744498519,646,679,98,1,,,98,,,98
1744498519,401,2798,98,1,,,98,,,98
1744498519,46,512,98,1,,,98,,,98
1744498519,26,0,98,1,,,98,,,98
1744498519,24,1,98,1,,,98,,,98
1744498519,35,913,98,1,,,98,,,98
1744498519,26,354,98,1,,,98,,,98
1744498520,29,43,98,1,,,98,,,98
1744498520,23,39,98,1,,,98,,,98
1744498520,21,37,98,1,,,98,,,98
1744498520,23,30,98,1,,,98,,,98
1744498520,33,29,98,1,,,98,,,98
1744498520,31,35,98,1,,,98,,,98
1744498520,26,38,98,1,,,98,,,98
1744498520,28,34,98,1,,,98,,,98
1744498520,32,41,98,1,,,98,,,96.78431373
1744498520,22,38,98,1,,,98,,,95.56862745
1744498521,33,30,98,1,,,98,,,94.35294118
1744498521,23,36,98,1,,,98,,,93.1372549
1744498521,27,37,98,1,,,98,,,91.92156863
1744498521,21,33,98,1,,,98,,,90.70588235
1744498521,29,30,98,1,,,98,,,89.49019608
1744498521,26,28,98,1,,,98,,,88.2745098
1744498521,30,32,98,1,,,98,,,87.05882353
1744498521,27,36,98,1,,,98,,,85.84313725
1744498521,24,35,98,1,,,98,,,84.62745098
1744498521,27,28,98,1,,,98,,,83.41176471
1744498522,35,28,98,1,,,98,,,82.19607843
1744498522,35,36,98,1,,,98,,,80.98039216
1744498522,30,34,98,1,,,98,,,79.76470588
1744498522,24,33,98,1,,,98,,,78.54901961
1744498522,34,36,98,1,,,98,,,77.33333333
1744498522,31,32,98,1,,,98,,,76.11764706
1744498522,34,31,98,1,,,98,,,74.90196078
1744498522,0,32,98,1,,,98,,,73.68627451
1744498522,0,30,98,1,,,98,,,72.47058824
1744498522,1322,34,98,1,,,98,,,71.25490196
1744498523,2599,38,98,1,,,98,,,70.03921569
1744498523,545,43,98,1,,,98,,,68.82352941
1744498523,0,0,98,1,,,98,,,67.60784314
1744498533,25,33,98,1,,,98,,,66.39215686
1744498533,26,36,98,1,,,98,,,65.17647059
1744498533,33,28,98,1,,,98,,,63.96078431
1744498533,28,36,98,1,,,98,,,62.74509804
1744498533,20,42,98,1,,,98,,,61.52941176
1744498533,26,39,98,1,,,98,,,60.31372549
1744498533,21,35,98,1,,,98,,,59.09803922
1744498534,33,37,98,1,,,98,,,57.88235294
1744498534,24,37,98,1,,,98,,,56.66666667
1744498534,23,40,98,1,,,98,,,55.45098039
1744498534,24,32,98,1,,,98,,,54.23529412
1744498534,30,32,98,1,,,98,,,53.01960784
1744498534,34,39,98,1,,,98,,,51.80392157
1744498534,28,33,98,1,,,98,,,50.58823529
1744498534,25,41,98,1,,,98,,,49.37254902
1744498534,19,39,98,1,,,98,,,48.15686275
1744498534,19,35,98,1,,,98,,,46.94117647
1744498535,0,26,98,1,,,98,,,45.7254902
1744498535,0,33,98,1,,,98,,,44.50980392
1744498535,3247,27,98,1,,,98,,,43.29411765
1744498535,1366,26,98,1,,,98,,,42.07843137
1744498535,0,0,98,1,,,98,,,40.8627451
1744498535,0,0,98,1,,,98,,,39.64705882
1744498535,694,1157,98,1,,,98,,,38.43137255
1744498535,640,3269,98,1,,,98,,,37.21568627
1744498538,38,26,36,1,,,36,,,36
1744498538,26,34,36,1,,,36,,,36
1744498538,21,30,36,1,,,36,,,36
1744498538,25,34,36,1,,,36,,,36
1744498538,31,35,36,1,,,36,,,36
1744498538,33,40,36,1,,,36,,,36
1744498538,27,38,36,1,,,36,,,36
1744498539,0,40,36,1,,,36,,,36
1744498539,0,29,36,1,,,36,,,36
1744498539,2369,39,36,1,,,36,,,36
1744498539,2680,40,36,1,,,36,,,36
1744498539,24,20,36,1,,,36,,,36
1744498539,0,0,36,1,,,36,,,36
1744498539,257,0,36,1,,,36,,,36
1744498539,843,2495,36,1,,,36,,,36
1744498539,167,1400,36,1,,,36,,,36
1744498539,40,29,36,1,,,36,,,36
1744498540,30,0,36,1,,,36,,,36
1744498540,24,200,36,1,,,36,,,36
1744498540,30,748,36,1,,,36,,,36
1744498540,28,189,36,1,,,36,,,36
1744498540,27,35,36,1,,,36,,,36
1744498540,26,34,36,1,,,36,,,36
1744498540,23,33,36,1,,,36,,,36
1744498540,20,32,36,1,,,36,,,36
1744498540,29,38,36,1,,,36,,,36.8627451
1744498540,28,28,36,1,,,36,,,37.7254902
1744498541,30,30,36,1,,,36,,,38.58823529
1744498541,34,36,36,1,,,36,,,39.45098039
1744498541,32,36,36,1,,,36,,,40.31372549
1744498541,21,37,36,1,,,36,,,41.17647059
1744498541,24,36,36,1,,,36,,,42.03921569
1744498541,22,30,36,1,,,36,,,42.90196078
1744498541,38,37,36,1,,,36,,,43.76470588
1744498541,27,33,36,1,,,36,,,44.62745098
1744498541,31,37,36,1,,,36,,,45.49019608
1744498541,21,31,36,1,,,36,,,46.35294118
1744498542,26,31,36,1,,,36,,,47.21568627
1744498542,24,33,36,1,,,36,,,48.07843137
1744498542,39,26,36,1,,,36,,,48.94117647
1744498542,30,34,36,1,,,36,,,49.80392157
1744498542,36,37,36,1,,,36,,,50.66666667
1744498542,24,42,36,1,,,36,,,51.52941176
1744498542,26,38,36,1,,,36,,,52.39215686
1744498542,24,41,36,1,,,36,,,53.25490196
1744498542,35,24,36,1,,,36,,,54.11764706
1744498542,35,34,36,1,,,36,,,54.98039216
1744498543,0,35,36,1,,,36,,,55.84313725
1744498543,0,34,36,1,,,36,,,56.70588235
1744498543,2440,29,36,1,,,36,,,57.56862745
1744498543,2508,29,36,1,,,36,,,58.43137255
1744498543,1,22,36,1,,,36,,,59.29411765
1744498543,0,0,36,1,,,36,,,60.15686275
1744498543,349,0,36,1,,,36,,,61.01960784
1744498543,848,2735,36,1,,,36,,,61.88235294
1744498543,92,929,36,1,,,36,,,62.74509804
1744498543,25,0,36,1,,,36,,,63.60784314
1744498544,34,0,36,1,,,36,,,64.47058824
1744498544,29,521,36,1,,,36,,,65.33333333
1744498544,31,458,36,1,,,36,,,66.19607843
1744498544,27,66,36,1,,,36,,,67.05882353
1744498544,35,31,36,1,,,36,,,67.92156863
1744498544,25,29,36,1,,,36,,,68.78431373
1744498544,33,35,36,1,,,36,,,69.64705882
1744498544,24,32,36,1,,,36,,,70.50980392
1744498544,29,35,36,1,,,36,,,71.37254902
1744498544,22,39,36,1,,,36,,,72.23529412
1744498545,28,36,36,1,,,36,,,73.09803922
1744498545,23,28,36,1,,,36,,,73.96078431
1744498545,34,29,36,1,,,36,,,74.82352941
1744498545,30,38,36,1,,,36,,,75.68627451
1744498545,22,31,36,1,,,36,,,76.54901961
1744498545,22,43,36,1,,,36,,,77.41176471
1744498545,27,29,36,1,,,36,,,78.2745098
1744498545,29,30,36,1,,,36,,,79.1372549
1744498545,30,40,80,1,,,80,,,80
1744498545,22,31,80,1,,,80,,,80
1744498546,22,39,80,1,,,80,,,80
1744498546,23,31,80,1,,,80,,,80
1744498546,33,28,80,1,,,80,,,80
1744498546,34,31,80,1,,,80,,,80
1744498546,29,40,80,1,,,80,,,80
1744498546,22,46,80,1,,,80,,,80
1744498546,29,35,80,1,,,80,,,80
1744498546,27,33,80,1,,,80,,,80
1744498546,34,36,80,1,,,80,,,80
1744498546,31,33,80,1,,,80,,,80
1744498547,0,40,80,1,,,80,,,80
1744498547,0,36,80,1,,,80,,,80
1744498547,2809,37,80,1,,,80,,,80
1744498547,2124,33,80,1,,,80,,,80
1744498547,0,13,80,1,,,80,,,80
1744498547,0,0,80,1,,,80,,,80
1744498547,144,0,80,1,,,80,,,80
1744498547,801,2182,80,1,,,80,,,80
1744498547,198,1627,80,1,,,80,,,80
1744498547,26,90,80,1,,,80,,,80
1744498548,23,0,80,1,,,80,,,80
1744498548,27,103,80,1,,,80,,,80
1744498548,27,815,80,1,,,80,,,80
1744498548,29,249,80,1,,,80,,,79.80392157
1744498548,35,42,80,1,,,80,,,79.60784314
1744498548,29,40,80,1,,,80,,,79.41176471
1744498548,23,33,80,1,,,80,,,79.21568627
1744498548,24,31,80,1,,,80,,,79.01960784
1744498548,32,31,80,1,,,80,,,78.82352941
1744498549,32,31,80,1,,,80,,,78.62745098
1744498549,31,30,80,1,,,80,,,78.43137255
1744498549,29,37,80,1,,,80,,,78.23529412
1744498549,20,40,80,1,,,80,,,78.03921569
1744498549,28,32,80,1,,,80,,,77.84313725
1744498549,30,34,80,1,,,80,,,77.64705882
1744498549,27,31,80,1,,,80,,,77.45098039
1744498549,33,36,80,1,,,80,,,77.25490196
1744498549,32,38,80,1,,,80,,,77.05882353
1744498549,28,42,80,1,,,80,,,76.8627451
1744498549,20,38,80,1,,,80,,,76.66666667
1744498550,23,37,80,1,,,80,,,76.47058824
1744498550,28,32,80,1,,,80,,,76.2745098
1744498550,39,28,80,1,,,80,,,76.07843137
1744498550,33,37,80,1,,,80,,,75.88235294
1744498550,27,39,80,1,,,80,,,75.68627451
1744498550,26,40,80,1,,,80,,,75.49019608
1744498550,27,34,80,1,,,80,,,75.29411765
1744498550,24,31,80,1,,,80,,,75.09803922
1744498550,22,38,80,1,,,80,,,74.90196078
1744498551,19,28,80,1,,,80,,,74.70588235
1744498551,0,32,80,1,,,80,,,74.50980392
1744498551,0,31,80,1,,,80,,,74.31372549
1744498551,2455,41,80,1,,,80,,,74.11764706
1744498551,2451,37,80,1,,,80,,,73.92156863
1744498551,0,19,80,1,,,80,,,73.7254902
1744498551,0,0,80,1,,,80,,,73.52941176
1744498551,350,29,80,1,,,80,,,73.33333333
1744498551,824,2672,80,1,,,80,,,73.1372549
1744498551,109,1086,80,1,,,80,,,72.94117647
1744498552,23,0,80,1,,,80,,,72.74509804
1744498552,28,0,80,1,,,80,,,72.54901961
1744498552,32,366,80,1,,,80,,,72.35294118
1744498552,36,586,80,1,,,80,,,72.15686275
1744498552,24,126,80,1,,,80,,,71.96078431
1744498552,22,35,80,1,,,80,,,71.76470588
1744498552,26,27,80,1,,,80,,,71.56862745
1744498552,35,31,80,1,,,80,,,71.37254902
1744498552,30,32,80,1,,,80,,,71.17647059
1744498552,26,33,80,1,,,80,,,70.98039216
1744498553,28,43,80,1,,,80,,,70.78431373
1744498553,29,29,80,1,,,80,,,70.58823529
1744498553,32,34,80,1,,,80,,,70.39215686
1744498553,36,31,80,1,,,80,,,70.19607843
1744498553,26,35,70,1,,,70,,,70
1744498553,19,34,70,1,,,70,,,70
1744498553,25,41,70,1,,,70,,,70
1744498553,26,33,70,1,,,70,,,70
1744498553,23,26,70,1,,,70,,,70
1744498553,32,29,70,1,,,70,,,70
1744498554,25,37,70,1,,,70,,,70
1744498554,21,38,70,1,,,70,,,70
1744498554,27,39,70,1,,,70,,,70
1744498554,41,26,70,1,,,70,,,70
1744498554,34,25,70,1,,,70,,,70
1744498554,33,35,70,1,,,70,,,70
1744498554,31,30,70,1,,,70,,,70
1744498554,33,33,70,1,,,70,,,70
1744498554,24,37,70,1,,,70,,,70
1744498554,22,34,70,1,,,70,,,70
1744498555,24,27,70,1,,,70,,,70
1744498555,0,23,70,1,,,70,,,70
1744498555,0,32,70,1,,,70,,,70
1744498555,1986,36,70,1,,,70,,,70
1744498555,2846,39,70,1,,,70,,,70
1744498555,65,41,70,1,,,70,,,70
1744498555,0,0,70,1,,,70,,,70
1744498555,102,0,70,1,,,70,,,70
1744498555,730,1927,70,1,,,70,,,70
1744498555,208,1750,70,1,,,70,,,70.17647059
1744498556,29,128,70,1,,,70,,,70.35294118
1744498556,21,0,70,1,,,70,,,70.52941176
1744498556,25,22,70,1,,,70,,,70.70588235
1744498556,42,790,70,1,,,70,,,70.88235294
1744498556,39,248,70,1,,,70,,,71.05882353
1744498556,32,31,70,1,,,70,,,71.23529412
1744498556,31,30,70,1,,,70,,,71.41176471
1744498556,35,36,70,1,,,70,,,71.58823529
1744498556,28,35,70,1,,,70,,,71.76470588
1744498556,19,39,70,1,,,70,,,71.94117647
1744498557,19,33,70,1,,,70,,,72.11764706
1744498557,25,37,70,1,,,70,,,72.29411765
1744498557,27,30,70,1,,,70,,,72.47058824
1744498557,30,30,70,1,,,70,,,72.64705882
1744498557,38,37,70,1,,,70,,,72.82352941
1744498557,31,38,70,1,,,70,,,73
1744498557,26,31,70,1,,,70,,,73.17647059
1744498557,27,32,70,1,,,70,,,73.35294118
1744498557,24,28,70,1,,,70,,,73.52941176
1744498557,32,32,70,1,,,70,,,73.70588235
1744498558,29,32,70,1,,,70,,,73.88235294
1744498558,29,36,70,1,,,70,,,74.05882353
1744498558,23,40,70,1,,,70,,,74.23529412
1744498558,22,40,70,1,,,70,,,74.41176471
1744498558,28,25,70,1,,,70,,,74.07843137
1744498558,31,35,70,1,,,70,,,73.74509804
1744498558,20,37,70,1,,,70,,,73.41176471
1744498558,20,34,70,1,,,70,,,73.07843137
1744498558,26,27,70,1,,,70,,,72.74509804
1744498558,37,37,70,1,,,70,,,72.41176471
1744498559,30,36,70,1,,,70,,,72.07843137
1744498559,0,34,70,1,,,70,,,71.74509804
1744498559,0,37,70,1,,,70,,,71.41176471
1744498559,2773,28,70,1,,,70,,,71.07843137
1744498559,1939,27,70,1,,,70,,,70.74509804
1744498559,0,7,70,1,,,70,,,70.41176471
1744498559,0,0,70,1,,,70,,,70.07843137
1744498559,403,128,70,1,,,70,,,69.74509804
1744498559,788,2746,70,1,,,70,,,69.41176471
1744498559,108,999,70,1,,,70,,,69.07843137
1744498560,32,0,70,1,,,70,,,68.74509804
1744498560,29,0,70,1,,,70,,,68.41176471
1744498560,39,391,70,1,,,70,,,68.07843137
1744498560,29,517,70,1,,,70,,,67.74509804
1744498560,32,97,70,1,,,70,,,67.41176471
1744498560,29,35,70,1,,,70,,,67.07843137
1744498560,25,39,70,1,,,70,,,66.74509804
1744498560,19,31,70,1,,,70,,,66.41176471
1744498560,24,34,70,1,,,70,,,66.07843137
1744498560,20,40,79,1,,,79,,,65.74509804
1744498561,22,37,79,1,,,79,,,65.23529412
1744498561,22,36,79,1,,,79,,,64.7254902
1744498561,26,36,79,1,,,79,,,64.21568627
1744498561,29,32,79,1,,,79,,,63.70588235
1744498561,28,34,79,1,,,79,,,63.19607843
1744498561,33,35,79,1,,,79,,,62.68627451
1744498561,21,38,79,1,,,79,,,62.17647059
1744498561,24,38,79,1,,,79,,,61.66666667
1744498561,25,37,79,1,,,79,,,61.15686275
1744498561,26,30,79,1,,,79,,,60.64705882
1744498562,28,29,79,1,,,79,,,60.1372549
1744498562,31,33,79,1,,,79,,,59.62745098
1744498562,27,35,79,1,,,79,,,59.11764706
1744498562,24,38,79,1,,,79,,,58.60784314
1744498562,27,30,79,1,,,79,,,58.09803922
1744498562,30,30,79,1,,,79,,,57.58823529
1744498562,31,36,79,1,,,79,,,57.07843137
1744498562,29,31,79,1,,,79,,,56.56862745
1744498562,26,41,79,1,,,79,,,56.05882353
1744498562,31,36,79,1,,,79,,,55.54901961
1744498563,17,33,79,1,,,79,,,55.03921569
1744498563,0,34,79,1,,,79,,,54.52941176
1744498563,0,25,79,1,,,79,,,54.01960784
1744498563,3068,36,79,1,,,79,,,53.50980392
1744498563,1085,35,53,1,,,53,,,53
1744498563,0,0,53,1,,,53,,,53
1744498563,0,0,53,1,,,53,,,53
1744498563,630,1088,53,1,,,53,,,53
1744498563,646,3077,53,1,,,53,,,53
1744498563,37,455,53,1,,,53,,,53
1744498564,21,0,53,1,,,53,,,53
1744498564,39,2,53,1,,,53,,,53
1744498564,25,701,53,1,,,53,,,53
1744498564,24,284,53,1,,,53,,,53
1744498564,26,40,53,1,,,53,,,53
1744498564,24,38,53,1,,,53,,,53
1744498564,20,38,53,1,,,53,,,53
1744498564,27,34,53,1,,,53,,,53
1744498564,27,31,53,1,,,53,,,53
1744498564,25,36,53,1,,,53,,,53
1744498565,25,39,53,1,,,53,,,53
1744498565,21,38,53,1,,,53,,,53
1744498565,27,33,53,1,,,53,,,53
1744498565,24,33,53,1,,,53,,,53
1744498565,31,28,53,1,,,53,,,53
1744498565,29,40,53,1,,,53,,,53
1744498565,26,43,53,1,,,53,,,53
1744498565,27,37,53,1,,,53,,,53
1744498565,29,41,53,1,,,53,,,53
1744498565,22,40,53,1,,,53,,,52.37254902
1744498566,28,36,53,1,,,53,,,51.74509804
1744498566,23,35,53,1,,,53,,,51.11764706
1744498566,24,30,53,1,,,53,,,50.49019608
1744498566,39,32,53,1,,,53,,,49.8627451
1744498566,30,36,53,1,,,53,,,49.23529412
1744498566,26,31,53,1,,,53,,,48.60784314
1744498566,25,38,53,1,,,53,,,47.98039216
1744498566,26,39,53,1,,,53,,,47.35294118
1744498566,24,36,53,1,,,53,,,46.7254902
1744498566,32,26,53,1,,,53,,,46.09803922
1744498567,24,34,53,1,,,53,,,45.47058824
1744498567,0,37,53,1,,,53,,,44.84313725
1744498567,70,34,53,1,,,53,,,44.21568627
1744498567,3451,27,53,1,,,53,,,43.58823529
1744498567,912,34,53,1,,,53,,,42.96078431
1744498567,0,0,53,1,,,53,,,42.33333333
1744498567,0,0,53,1,,,53,,,41.70588235
1744498567,1004,2469,53,1,,,53,,,41.07843137
1744498567,484,2998,53,1,,,53,,,40.45098039
1744498567,23,15,53,1,,,53,,,39.82352941
1744498568,33,0,53,1,,,53,,,39.19607843
1744498568,28,358,53,1,,,53,,,38.56862745
1744498568,26,1096,53,1,,,53,,,37.94117647
1744498568,36,182,53,1,,,53,,,37.31372549
1744498583,418,0,53,1,,,53,,,36.74509804
1744498583,709,3481,53,1,,,53,,,36.17647059
1744498583,114,1033,53,1,,,53,,,35.60784314
1744498583,41,0,53,1,,,53,,,35.03921569
1744498583,29,0,53,1,,,53,,,34.47058824
1744498583,33,994,53,1,,,53,,,33.90196078
1744498584,26,593,53,1,,,53,,,33.33333333
1744498584,34,37,53,1,,,53,,,32.76470588
1744498584,32,34,53,1,,,53,,,32.19607843
1744498584,27,31,53,1,,,53,,,31.62745098
1744498584,20,33,53,1,,,53,,,31.05882353
1744498584,24,33,53,1,,,53,,,30.49019608
1744498584,23,34,53,1,,,53,,,29.92156863
1744498584,31,36,53,1,,,53,,,29.35294118
1744498584,28,35,53,1,,,53,,,28.78431373
1744498584,29,35,53,1,,,53,,,28.21568627
1744498585,24,41,53,1,,,53,,,27.64705882
1744498585,20,32,53,1,,,53,,,27.07843137
1744498585,26,33,53,1,,,53,,,26.50980392
1744498585,29,35,53,1,,,53,,,25.94117647
1744498585,26,35,53,1,,,53,,,25.37254902
1744498585,30,34,53,1,,,53,,,24.80392157
1744498585,26,39,53,1,,,53,,,24.23529412
1744498585,27,37,53,1,,,53,,,23.66666667
1744498585,26,40,53,1,,,53,,,23.09803922
1744498585,36,34,21,1,,,21,,,22.05882353
1744498586,33,35,21,1,,,21,,,21.64705882
1744498586,31,33,21,1,,,21,,,21.23529412
1744498586,32,41,21,1,,,21,,,20.82352941
1744498586,32,37,21,1,,,21,,,20.41176471
1744498586,22,35,21,1,,,21,,,20
1744498586,23,38,21,1,,,21,,,19.58823529
1744498586,24,37,21,1,,,21,,,19.17647059
1744498586,0,37,21,1,,,21,,,18.76470588
1744498586,0,33,21,1,,,21,,,18.35294118
1744498586,1124,34,21,1,,,21,,,17.94117647
1744498587,3386,39,21,1,,,21,,,17.52941176
1744498587,359,38,21,1,,,21,,,17.11764706
1744498587,0,0,21,1,,,21,,,16.70588235
1744498587,32,0,21,1,,,21,,,16.29411765
1744498587,903,1671,21,1,,,21,,,15.88235294
1744498587,326,2125,21,1,,,21,,,15.47058824
1744498587,38,185,21,1,,,21,,,15.05882353
1744498587,24,0,21,1,,,21,,,14.64705882
1744498587,26,139,21,1,,,21,,,14.23529412
1744498587,31,929,21,1,,,21,,,13.82352941
1744498588,37,229,21,1,,,21,,,13.41176471
1744498588,29,30,21,1,,,21,,,13
1744498588,26,37,21,1,,,21,,,12.58823529
1744498588,21,36,21,1,,,21,,,12.17647059
1744498588,42,28,24,1,,,24,,,11.76470588
1744498588,33,27,24,1,,,24,,,11.29411765
1744498588,30,30,24,1,,,24,,,10.82352941
1744498588,31,33,24,1,,,24,,,10.35294118
1744498588,28,39,24,1,,,24,,,9.882352941
1744498588,22,36,24,1,,,24,,,9.411764706
1744498589,26,34,24,1,,,24,,,8.941176471
1744498589,24,34,24,1,,,24,,,8.470588235
1744498589,24,26,24,1,,,24,,,8
1744498589,34,33,24,1,,,24,,,7.529411765
1744498589,38,34,24,1,,,24,,,7.058823529
1744498589,31,37,24,1,,,24,,,6.588235294
1744498589,25,38,24,1,,,24,,,6.117647059
1744498589,22,34,24,1,,,24,,,5.647058824
1744498589,25,30,24,1,,,24,,,5.176470588
1744498589,32,31,24,1,,,24,,,4.705882353
1744498590,27,30,24,1,,,24,,,4.235294118
1744498590,23,36,24,1,,,24,,,3.764705882
1744498590,24,35,24,1,,,24,,,3.294117647
1744498590,25,33,24,1,,,24,,,2.823529412
1744498590,27,34,24,1,,,24,,,2.352941176
1744498590,30,29,24,1,,,24,,,1.882352941
1744498590,30,31,24,1,,,24,,,1.411764706
1744498590,0,36,24,1,,,24,,,0.941176471
1744498590,0,31,24,1,,,24,,,0.470588235
1744498590,2677,36,0,1,,,0,,,0
1744498591,2491,32,0,1,,,0,,,0
1744498591,0,21,0,1,,,0,,,0
1744498591,0,0,0,1,,,0,,,0
1744498591,464,71,0,1,,,0,,,0
1744498591,1004,2907,0,1,,,0,,,0
1744498591,114,999,0,1,,,0,,,0
1744498591,18,0,0,1,,,0,,,0
1744498591,38,0,0,1,,,0,,,0
1744498591,24,562,0,1,,,0,,,0
1744498591,21,623,0,1,,,0,,,0
1744498592,27,108,0,1,,,0,,,0
1744498592,24,31,0,1,,,0,,,0
1744498592,33,24,0,1,,,0,,,0
1744498592,25,33,0,1,,,0,,,0
1744498592,31,31,0,1,,,0,,,0
1744498592,20,35,0,1,,,0,,,0
1744498592,27,29,0,1,,,0,,,0
1744498592,32,31,0,1,,,0,,,0
1744498592,23,36,0,1,,,0,,,0
1744498592,33,31,0,1,,,0,,,0
1744498593,22,39,0,1,,,0,,,0
1744498593,39,25,0,1,,,0,,,0
1744498593,37,39,0,1,,,0,,,0
1744498593,30,31,0,1,,,0,,,0
1744498593,36,30,0,1,,,0,,,0
1744498593,27,40,0,1,,,0,,,0
1744498593,18,39,0,1,,,0,,,0
1744498593,32,27,0,1,,,0,,,0
1744498593,23,36,0,1,,,0,,,0
1744498593,27,34,0,1,,,0,,,0
1744498594,34,25,0,1,,,0,,,0
1744498594,23,33,0,1,,,0,,,0
1744498594,23,31,0,1,,,0,,,0
1744498594,20,35,0,1,,,0,,,0
1744498594,26,25,0,1,,,0,,,0
1744498594,27,32,0,1,,,0,,,0
1744498594,22,39,0,1,,,0,,,0
1744498594,0,39,0,1,,,0,,,0
1744498594,0,40,0,1,,,0,,,0
1744498595,2665,37,0,1,,,0,,,0
1744498595,2567,37,0,1,,,0,,,0
1744498595,0,21,0,1,,,0,,,0
1744498595,0,0,0,1,,,0,,,0
1744498595,382,0,0,1,,,0,,,0
1744498595,1001,2793,0,1,,,0,,,0
1744498595,135,1123,0,1,,,0,,,0
1744498595,26,0,0,1,,,0,,,0
1744498595,28,0,0,1,,,0,,,0
1744498595,32,446,0,1,,,0,,,0
1744498595,27,782,0,1,,,0,,,0
1744498596,28,184,0,1,,,0,,,0
1744498596,28,35,0,1,,,0,,,0
1744498596,17,35,0,1,,,0,,,0
1744498596,26,30,0,1,,,0,,,0
1744498596,33,23,0,1,,,0,,,0
1744498596,23,31,0,1,,,0,,,0
1744498596,28,26,0,1,,,0,,,0
1744498596,19,41,0,1,,,0,,,0
1744498596,29,37,0,1,,,0,,,0
1744498596,28,36,0,1,,,0,,,0
1744498597,24,40,0,1,,,0,,,0
1744498597,35,27,0,1,,,0,,,0
1744498597,25,39,0,1,,,0,,,0
1744498597,25,40,0,1,,,0,,,0
1744498597,28,35,0,1,,,0,,,0
1744498597,21,37,0,1,,,0,,,0
1744498597,24,26,0,1,,,0,,,0
1744498597,30,38,0,1,,,0,,,0
1744498597,23,39,0,1,,,0,,,0
1744498598,31,38,0,1,,,0,,,0
1744498598,21,35,0,1,,,0,,,0
1744498598,26,32,0,1,,,0,,,0
1744498598,37,31,0,1,,,0,,,0
1744498598,23,30,0,1,,,0,,,0
1744498598,25,37,0,1,,,0,,,0
1744498598,26,29,0,1,,,0,,,0
1744498598,26,26,0,1,,,0,,,0
1744498598,0,37,0,1,,,0,,,0
1744498598,0,26,0,1,,,0,,,0
1744498599,2334,33,0,1,,,0,,,0
1744498599,2886,41,0,1,,,0,,,0
1744498599,48,35,0,1,,,0,,,0
1744498599,0,0,0,1,,,0,,,0
1744498599,217,0,0,1,,,0,,,0
1744498599,993,2415,0,1,,,0,,,0
1744498599,223,1560,0,1,,,0,,,0
1744498599,36,70,0,1,,,0,,,0
1744498599,18,0,0,1,,,0,,,0
1744498599,30,154,0,1,,,0,,,0
1744498600,35,925,0,1,,,0,,,0
1744498600,20,242,0,1,,,0,,,0
1744498600,20,35,0,1,,,0,,,0
1744498600,23,31,0,1,,,0,,,0
1744498600,29,35,0,1,,,0,,,0
1744498600,29,37,0,1,,,0,,,0
1744498600,28,39,0,1,,,0,,,0
1744498600,20,36,0,1,,,0,,,0
1744498600,23,33,0,1,,,0,,,0
1744498600,28,33,0,1,,,0,,,0
1744498601,22,31,0,1,,,0,,,0
1744498601,25,31,0,1,,,0,,,0
1744498601,28,36,0,1,,,0,,,0
1744498601,23,36,0,1,,,0,,,0
1744498601,34,33,0,1,,,0,,,0
1744498601,23,34,0,1,,,0,,,0
1744498601,31,30,0,1,,,0,,,0
1744498601,26,37,0,1,,,0,,,0
1744498601,23,32,0,1,,,0,,,0
1744498601,32,31,0,1,,,0,,,0
1744498602,22,42,0,1,,,0,,,0
1744498602,28,34,0,1,,,0,,,0
1744498602,25,33,0,1,,,0,,,0
1744498602,25,33,0,1,,,0,,,0
1744498602,30,33,0,1,,,0,,,0
1744498602,28,37,0,1,,,0,,,0
1744498602,34,30,0,1,,,0,,,0
1744498602,31,39,0,1,,,0,,,0
1744498602,9,37,0,1,,,0,,,0
1744498602,0,30,0,1,,,0,,,0
1744498603,127,40,0,1,,,0,,,0
1744498603,2927,41,0,1,,,0,,,0
1744498603,1046,26,0,1,,,0,,,0
1744498603,0,14,0,1,,,0,,,0
1744498603,0,0,0,1,,,0,,,0
1744498603,495,113,0,1,,,0,,,0
1744498603,697,3333,0,1,,,0,,,0
1744498603,134,1093,0,1,,,0,,,0
1744498603,34,0,0,1,,,0,,,0
1744498603,28,0,0,1,,,0,,,0
1744498604,33,789,0,1,,,0,,,0
1744498604,26,821,0,1,,,0,,,0
1744498604,37,43,0,1,,,0,,,0
1744498604,19,42,0,1,,,0,,,0
1744498604,24,28,0,1,,,0,,,0
1744498604,36,29,0,1,,,0,,,0
1744498604,23,36,0,1,,,0,,,0
1744498604,29,35,0,1,,,0,,,0
1744498604,25,37,0,1,,,0,,,0
