Time,Red_light,IR_light,SpO2,SpO2Valid,,,,,,,50 point average,,
1744340767,22,125,94,1,,,80.82352941,,80.82352941,,80.82352941,,
1744340767,28,165,94,1,,,80.54901961,,80.54901961,,80.54901961,,
1744340767,23,1330,94,1,,,80.2745098,,80.2745098,,80.2745098,,
1744340767,23,318,80,1,,,80.11764706,,80.11764706,,80.11764706,,
1744340767,22,35,80,1,,,80.23529412,,80.23529412,,80.23529412,,
1744340767,24,28,80,1,,,80.35294118,,80.35294118,,80.35294118,,
1744340767,36,30,80,1,,,80.47058824,,80.47058824,,80.47058824,,
1744340767,37,31,80,1,,,80.58823529,,80.58823529,,80.58823529,,
1744340767,30,32,80,1,,,80.70588235,,80.70588235,,80.70588235,,
1744340767,24,40,80,1,,,80.82352941,,80.82352941,,80.82352941,,
1744340768,20,34,80,1,,,80.94117647,,80.94117647,,80.94117647,,
1744340768,24,35,80,1,,,81.05882353,,81.05882353,,81.05882353,,
1744340768,24,31,80,1,,,81.17647059,,81.17647059,,81.17647059,,
1744340768,33,31,80,1,,,81.29411765,,81.29411765,,81.29411765,,
1744340768,30,34,80,1,,,81.41176471,,81.41176471,,81.41176471,,
1744340768,19,37,80,1,,,81.52941176,,81.52941176,,81.52941176,,
1744340768,25,42,80,1,,,81.64705882,,81.64705882,,81.64705882,,
1744340768,31,33,80,1,,,81.76470588,,81.76470588,,81.76470588,,
1744340768,33,35,80,1,,,81.88235294,,81.88235294,,81.88235294,,
1744340768,34,32,80,1,,,82,,82,,82,,
1744340769,30,34,80,1,,,82.11764706,,82.11764706,,82.11764706,,
1744340769,25,39,80,1,,,82.23529412,,82.23529412,,82.23529412,,
1744340769,23,36,80,1,,,82.35294118,,82.35294118,,82.35294118,,
1744340769,23,37,80,1,,,82.47058824,,82.47058824,,82.47058824,,
1744340769,33,30,80,1,,,82.58823529,,82.58823529,,82.58823529,,
1744340769,32,35,80,1,,,82.70588235,,82.70588235,,82.70588235,,
1744340769,34,35,80,1,,,82.82352941,,82.82352941,,82.82352941,,
1744340769,28,42,80,1,,,82.94117647,,82.94117647,,82.94117647,,
1744340779,28,34,80,1,,,82.94117647,,82.94117647,,82.94117647,,
1744340779,35,39,80,1,,,82.94117647,,82.94117647,,82.94117647,,
1744340780,33,33,80,1,,,82.94117647,,82.94117647,,82.94117647,,
1744340780,24,41,80,1,,,82.94117647,,82.94117647,,82.94117647,,
1744340780,23,39,80,1,,,82.94117647,,82.94117647,,82.94117647,,
1744340780,31,38,80,1,,,82.94117647,,82.94117647,,82.94117647,,
1744340780,23,30,80,1,,,82.94117647,,82.94117647,,82.94117647,,
1744340780,21,36,80,1,,,82.94117647,,82.94117647,,82.94117647,,
1744340780,29,34,80,1,,,82.94117647,,82.94117647,,82.94117647,,
1744340780,25,35,80,1,,,82.94117647,,82.94117647,,82.94117647,,
1744340780,21,30,80,1,,,82.94117647,,82.94117647,,82.94117647,,
1744340780,27,35,80,1,,,82.94117647,,82.94117647,,82.94117647,,
1744340781,34,36,80,1,,,82.94117647,,82.94117647,,82.94117647,,
1744340781,31,29,80,1,,,82.94117647,,82.94117647,,82.94117647,,
1744340781,27,41,80,1,,,82.94117647,,82.94117647,,82.94117647,,
1744340781,22,35,80,1,,,82.94117647,,82.94117647,,82.94117647,,
1744340781,21,36,80,1,,,82.94117647,,82.94117647,,82.94117647,,
1744340781,27,35,80,1,,,82.94117647,,82.94117647,,82.94117647,,
1744340781,37,30,80,1,,,82.94117647,,82.94117647,,82.94117647,,
1744340781,31,38,80,1,,,82.94117647,,82.94117647,,82.94117647,,
1744340781,31,32,80,1,,,82.94117647,,82.94117647,,82.94117647,,
1744340781,31,36,80,1,,,82.94117647,,82.94117647,,82.94117647,,
1744340782,1467,33,80,1,,,82.94117647,,82.94117647,,82.94117647,,
1744340782,2046,34,80,1,,,82.94117647,,82.94117647,,82.94117647,,
1744340782,15,32,80,1,,,82.94117647,,82.94117647,,82.94117647,,
1744340782,15,32,86,1,,,82.94117647,,82.94117647,,82.94117647,,
1744340782,314,32,86,1,,,82.82352941,,82.82352941,,82.82352941,,
1744340782,1075,1811,86,1,,,82.70588235,,82.70588235,,82.70588235,,
1744340782,148,816,86,1,,,82.58823529,,82.58823529,,82.58823529,,
1744340782,33,816,86,1,,,82.47058824,,82.47058824,,82.47058824,,
1744340782,29,816,86,1,,,82.35294118,,82.35294118,,82.35294118,,
1744340782,25,595,86,1,,,82.23529412,,82.23529412,,82.23529412,,
1744340783,24,633,86,1,,,82.11764706,,82.11764706,,82.11764706,,
1744340783,24,86,86,1,,,82,,82,,82,,
1744340783,29,35,86,1,,,81.88235294,,81.88235294,,81.88235294,,
1744340783,27,29,86,1,,,81.76470588,,81.76470588,,81.76470588,,
1744340783,32,30,86,1,,,81.64705882,,81.64705882,,81.64705882,,
1744340783,30,33,86,1,,,81.52941176,,81.52941176,,81.52941176,,
1744340783,33,44,86,1,,,81.41176471,,81.41176471,,81.41176471,,
1744340783,28,33,86,1,,,81.29411765,,81.29411765,,81.29411765,,
1744340783,27,30,86,1,,,81.17647059,,81.17647059,,81.17647059,,
1744340783,27,33,86,1,,,81.05882353,,81.05882353,,81.05882353,,
1744340784,36,35,86,1,,,80.94117647,,80.94117647,,80.94117647,,
1744340784,29,40,86,1,,,80.82352941,,80.82352941,,80.82352941,,
1744340784,21,28,86,1,,,80.70588235,,80.70588235,,80.70588235,,
1744340784,25,40,86,1,,,80.58823529,,80.58823529,,80.58823529,,
1744340784,29,32,86,1,,,80.47058824,,80.47058824,,80.47058824,,
1744340784,25,36,86,1,,,80.35294118,,80.35294118,,80.35294118,,
1744340784,31,28,86,1,,,80.23529412,,80.23529412,,80.23529412,,
1744340784,21,33,86,1,,,80.11764706,,80.11764706,,80.11764706,,
1744340784,21,31,80,1,,,80.1372549,,80.1372549,,80.1372549,,
1744340784,24,30,80,1,,,80.2745098,,80.2745098,,80.2745098,,
1744340785,37,29,80,1,,,80.41176471,,80.41176471,,80.41176471,,
1744340785,31,32,80,1,,,80.54901961,,80.54901961,,80.54901961,,
1744340785,33,37,80,1,,,80.68627451,,80.68627451,,80.68627451,,
1744340785,22,37,80,1,,,80.82352941,,80.82352941,,80.82352941,,
1744340785,29,41,80,1,,,80.96078431,,80.96078431,,80.96078431,,
1744340785,29,37,80,1,,,81.09803922,,81.09803922,,81.09803922,,
1744340785,41,25,80,1,,,81.23529412,,81.23529412,,81.23529412,,
1744340785,41,34,80,1,,,81.37254902,,81.37254902,,81.37254902,,
1744340785,41,37,80,1,,,81.50980392,,81.50980392,,81.50980392,,
1744340785,1421,35,80,1,,,81.64705882,,81.64705882,,81.64705882,,
1744340786,1039,35,80,1,,,81.78431373,,81.78431373,,81.78431373,,
1744340786,1039,29,80,1,,,81.92156863,,81.92156863,,81.92156863,,
1744340786,1039,29,80,1,,,82.05882353,,82.05882353,,82.05882353,,
1744340786,435,29,80,1,,,82.19607843,,82.19607843,,82.19607843,,
1744340786,697,2219,80,1,,,82.33333333,,82.33333333,,82.33333333,,
1744340786,117,650,80,1,,,82.47058824,,82.47058824,,82.47058824,,
1744340786,27,650,80,1,,,82.60784314,,82.60784314,,82.60784314,,
1744340786,29,650,80,1,,,82.74509804,,82.74509804,,82.74509804,,
1744340786,31,930,80,1,,,82.88235294,,82.88235294,,82.88235294,,
1744340786,28,691,80,1,,,83.01960784,,83.01960784,,83.01960784,,
1744340787,23,41,80,1,,,83.15686275,,83.15686275,,83.15686275,,
1744340787,25,36,80,1,,,83.29411765,,83.29411765,,83.29411765,,
1744340787,27,27,80,1,,,83.43137255,,83.43137255,,83.43137255,,
1744340787,25,36,80,1,,,83.78431373,,83.78431373,,83.78431373,,
1744340787,26,30,80,1,,,84.1372549,,84.1372549,,84.1372549,,
1744340787,30,31,80,1,,,84.49019608,,84.49019608,,84.49019608,,
1744340787,33,40,80,1,,,84.84313725,,84.84313725,,84.84313725,,
1744340787,29,30,80,1,,,85.19607843,,85.19607843,,85.19607843,,
1744340787,29,38,80,1,,,85.54901961,,85.54901961,,85.54901961,,
1744340787,29,32,80,1,,,85.90196078,,85.90196078,,85.90196078,,
1744340788,28,38,80,1,,,86.25490196,,86.25490196,,86.25490196,,
1744340788,21,35,80,1,,,86.60784314,,86.60784314,,86.60784314,,
1744340788,30,27,80,1,,,86.96078431,,86.96078431,,86.96078431,,
1744340788,32,28,80,1,,,87.31372549,,87.31372549,,87.31372549,,
1744340788,33,32,80,1,,,87.66666667,,87.66666667,,87.66666667,,
1744340788,27,33,80,1,,,88.01960784,,88.01960784,,88.01960784,,
1744340788,32,38,80,1,,,88.37254902,,88.37254902,,88.37254902,,
1744340788,27,37,80,1,,,88.7254902,,88.7254902,,88.7254902,,
1744340788,28,37,80,1,,,89.07843137,,89.07843137,,89.07843137,,
1744340788,29,28,80,1,,,89.43137255,,89.43137255,,89.43137255,,
1744340789,31,36,80,1,,,89.78431373,,89.78431373,,89.78431373,,
1744340789,29,37,80,1,,,90.1372549,,90.1372549,,90.1372549,,
1744340789,23,41,80,1,,,90.49019608,,90.49019608,,90.49019608,,
1744340789,29,37,80,1,,,90.84313725,,90.84313725,,90.84313725,,
1744340789,25,28,80,1,,,91.19607843,,91.19607843,,91.19607843,,
1744340789,31,36,80,1,,,91.54901961,,91.54901961,,91.54901961,,
1744340789,31,28,80,1,,,91.90196078,,91.90196078,,91.90196078,,
1744340789,31,31,80,1,,,92.25490196,,92.25490196,,92.25490196,,
1744340789,549,35,87,1,,,92.62745098,,92.62745098,,92.62745098,,
1744340789,2208,32,87,1,,,92.8627451,,92.8627451,,92.8627451,,
1744340790,279,37,87,1,,,93.09803922,,93.09803922,,93.09803922,,
1744340790,279,37,87,1,,,93.33333333,,93.33333333,,93.33333333,,
1744340790,279,37,87,1,,,,,93.56862745,,93.56862745,,
1744340790,841,875,87,1,,,,,93.80392157,,93.80392157,,
1744340790,430,1730,87,1,,,,,94.03921569,,94.03921569,,
1744340790,52,309,87,1,,,,,94.2745098,,94.2745098,,
1744340790,31,309,87,1,,,,,94.50980392,,94.50980392,,
1744340790,29,309,87,1,,,,,94.74509804,,94.74509804,,
1744340790,31,1048,87,1,,,,,94.98039216,,94.98039216,,
1744340790,29,403,87,1,,,,,95.21568627,,95.21568627,,
1744340791,26,39,87,1,,,,,95.45098039,,95.45098039,,
1744340791,18,45,87,1,,,,,95.68627451,,95.68627451,,
1744340791,34,31,87,1,,,,,95.92156863,,95.92156863,,
1744340791,27,34,87,1,,,,,96.15686275,,96.15686275,,
1744340791,35,32,87,1,,,,,96.39215686,,96.39215686,,
1744340791,31,36,87,1,,,,,96.62745098,,96.62745098,,
1744340791,21,42,87,1,,,,,96.8627451,,96.8627451,,
1744340791,25,37,87,1,,,,,97.09803922,,97.09803922,,
1744340791,27,38,87,1,,,,,97.33333333,,97.33333333,,
1744340791,33,27,87,1,,,,,97.56862745,,97.56862745,,
1744340792,31,39,87,1,,,,,97.80392157,,97.80392157,,
1744340792,23,34,87,1,,,,,98.03921569,,98.03921569,,
1744340792,29,33,87,1,,,,,98.2745098,,98.2745098,,
1744340792,33,28,98,1,,,,,98.1372549,,98.1372549,,
1744340792,39,25,98,1,,,,,97.78431373,,97.78431373,,
1744340792,30,34,98,1,,,,,97.43137255,,97.43137255,,
1744340792,31,39,98,1,,,,,97.07843137,,97.07843137,,
1744340792,25,36,98,1,,,,,96.7254902,,96.7254902,,
1744340792,27,30,98,1,,,,,96.37254902,,96.37254902,,
1744340792,25,26,98,1,,,,,96.01960784,,96.01960784,,
1744340793,37,27,98,1,,,,,95.66666667,,95.66666667,,
1744340793,31,33,98,1,,,,,95.31372549,,95.31372549,,
1744340793,26,34,98,1,,,,,94.96078431,,94.96078431,,
1744340793,24,34,98,1,,,,,94.60784314,,94.60784314,,
1744340793,27,41,98,1,,,,,94.25490196,,94.25490196,,
1744340793,26,37,98,1,,,,,93.90196078,,93.90196078,,
1744340793,26,29,98,1,,,,,93.54901961,,93.54901961,,
1744340793,26,28,98,1,,,,,93.19607843,,93.19607843,,
1744340793,1277,39,98,1,,,,,92.84313725,,92.84313725,,
1744340793,2096,34,98,1,,,,,92.49019608,,92.49019608,,
1744340794,82,31,98,1,,,,,92.1372549,,92.1372549,,
1744340794,82,31,98,1,,,,,91.78431373,,91.78431373,,
1744340794,71,31,98,1,,,,,91.43137255,,91.43137255,,
1744340794,916,1243,98,1,,,,,91.07843137,,91.07843137,,
1744340794,295,1317,98,1,,,,,90.7254902,,90.7254902,,
1744340794,45,111,98,1,,,,,90.37254902,,90.37254902,,
1744340794,34,111,98,1,,,,,90.01960784,,90.01960784,,
1744340794,37,177,98,1,,,,,89.66666667,,89.66666667,,
1744340794,34,860,99,1,,,,,89.17647059,,89.17647059,,
1744340794,33,185,99,1,,,,,88.66666667,,88.66666667,,
1744340795,33,36,99,1,,,,,88.15686275,,88.15686275,,
1744340795,25,43,99,1,,,,,87.64705882,,87.64705882,,
1744340795,27,37,99,1,,,,,87.1372549,,87.1372549,,
1744340795,33,37,99,1,,,,,86.62745098,,86.62745098,,
1744340795,34,39,99,1,,,,,86.11764706,,86.11764706,,
1744340795,18,37,99,1,,,,,85.60784314,,85.60784314,,
1744340795,24,42,99,1,,,,,85.09803922,,85.09803922,,
1744340795,24,33,99,1,,,,,84.58823529,,84.58823529,,
1744340795,30,34,99,1,,,,,84.07843137,,84.07843137,,
1744340795,28,34,99,1,,,,,83.56862745,,83.56862745,,
1744340796,28,34,99,1,,,,,83.05882353,,83.05882353,,
1744340796,27,39,99,1,,,,,82.54901961,,82.54901961,,
1744340796,28,36,99,1,,,,,82.03921569,,82.03921569,,
1744340796,32,36,99,1,,,,,81.52941176,,81.52941176,,
1744340796,34,31,99,1,,,,,81.01960784,,81.01960784,,
1744340796,31,30,99,1,,,,,80.50980392,,80.50980392,,
1744340796,26,34,99,1,,,,,80,,80,,
1744340796,21,32,99,1,,,,,79.49019608,,79.49019608,,
1744340796,23,40,99,1,,,,,78.98039216,,78.98039216,,
1744340796,27,32,99,1,,,,,78.47058824,,78.47058824,,
1744340797,32,26,99,1,,,,,77.96078431,,77.96078431,,
1744340797,31,38,99,1,,,,,77.45098039,,77.45098039,,
1744340797,30,37,99,1,,,,,76.94117647,,76.94117647,,
1744340797,39,22,80,1,,,,,76.60784314,,76.60784314,,
1744340797,21,40,80,1,,,,,76.64705882,,76.64705882,,
1744340797,19,34,80,1,,,,,76.68627451,,76.68627451,,
1744340797,19,28,80,1,,,,,76.7254902,,76.7254902,,
1744340797,23,32,80,1,,,,,76.76470588,,76.76470588,,
1744340797,2151,43,80,1,,,,,76.80392157,,76.80392157,,
1744340797,673,36,80,1,,,,,76.84313725,,76.84313725,,
1744340798,673,36,80,1,,,,,76.88235294,,76.88235294,,
1744340798,673,36,80,1,,,,,76.92156863,,76.92156863,,
1744340798,947,1405,80,1,,,,,76.96078431,,76.96078431,,
1744340798,513,1970,80,1,,,,,77,,77,,
1744340798,21,53,80,1,,,,,77.03921569,,77.03921569,,
1744340798,29,53,80,1,,,,,77.07843137,,77.07843137,,
1744340798,33,204,80,1,,,,,77.11764706,,77.11764706,,
1744340798,36,975,80,1,,,,,77.15686275,,77.15686275,,
1744340798,34,220,80,1,,,,,77.19607843,,77.19607843,,
1744340798,27,32,80,1,,,,,77.23529412,,77.23529412,,
1744340799,27,41,80,1,,,,,77.2745098,,77.2745098,,
1744340799,25,32,80,1,,,,,77.31372549,,77.31372549,,
1744340799,31,35,80,1,,,,,77.35294118,,77.35294118,,
1744340799,28,31,80,1,,,,,77.39215686,,77.39215686,,
1744340799,35,38,80,1,,,,,77.43137255,,77.43137255,,
1744340799,30,33,80,1,,,,,77.47058824,,77.47058824,,
1744340799,19,41,80,1,,,,,77.50980392,,77.50980392,,
1744340799,26,41,80,1,,,,,77.54901961,,77.54901961,,
1744340799,33,33,73,1,,,,,77.58823529,,77.58823529,,
1744340799,34,36,73,1,,,,,77.76470588,,77.76470588,,
1744340800,31,35,73,1,,,,,77.94117647,,77.94117647,,
1744340800,23,40,73,1,,,,,78.11764706,,78.11764706,,
1744340800,31,35,73,1,,,,,78.29411765,,78.29411765,,
1744340800,27,40,73,1,,,,,78.47058824,,78.47058824,,
1744340800,35,35,73,1,,,,,78.64705882,,78.64705882,,
1744340800,29,31,73,1,,,,,78.82352941,,78.82352941,,
1744340800,30,40,73,1,,,,,79,,79,,
1744340800,29,37,73,1,,,,,79.17647059,,79.17647059,,
1744340800,28,31,73,1,,,,,79.35294118,,79.35294118,,
1744340800,30,35,73,1,,,,,79.52941176,,79.52941176,,
1744340801,38,31,73,1,,,,,79.70588235,,79.70588235,,
1744340801,27,33,73,1,,,,,79.88235294,,79.88235294,,
1744340801,28,41,73,1,,,,,80.05882353,,80.05882353,,
1744340801,24,33,73,1,,,,,80.23529412,,80.23529412,,
1744340801,24,32,73,1,,,,,80.41176471,,80.41176471,,
1744340801,24,32,73,1,,,,,80.58823529,,80.58823529,,
1744340801,24,27,73,1,,,,,80.76470588,,80.76470588,,
1744340801,1528,34,73,1,,,,,80.94117647,,80.94117647,,
1744340801,872,26,73,1,,,,,81.11764706,,81.11764706,,
1744340801,872,23,73,1,,,,,81.29411765,,81.29411765,,
1744340802,872,23,73,1,,,,,81.47058824,,81.47058824,,
1744340802,533,114,73,1,,,,,81.64705882,,81.64705882,,
1744340802,626,2148,73,1,,,,,81.82352941,,81.82352941,,
1744340802,110,616,82,1,,,,,81.82352941,,81.82352941,,
1744340802,41,616,82,1,,,,,81.64705882,,81.64705882,,
1744340802,33,616,82,1,,,,,81.47058824,,81.47058824,,
1744340802,34,939,82,1,,,,,81.29411765,,81.29411765,,
1744340802,32,506,82,1,,,,,81.11764706,,81.11764706,,
1744340802,31,35,82,1,,,,,80.94117647,,80.94117647,,
1744340802,32,33,82,1,,,,,80.76470588,,80.76470588,,
1744340803,23,36,82,1,,,,,80.58823529,,80.58823529,,
1744340803,26,34,82,1,,,,,80.41176471,,80.41176471,,
1744340803,37,24,82,1,,,,,80.23529412,,80.23529412,,
1744340803,34,37,82,1,,,,,80.05882353,,80.05882353,,
1744340803,33,33,82,1,,,,,79.88235294,,79.88235294,,
1744340803,25,41,82,1,,,,,79.70588235,,79.70588235,,
1744340803,25,32,82,1,,,,,79.52941176,,79.52941176,,
1744340803,22,30,82,1,,,,,79.35294118,,79.35294118,,
1744340803,24,33,82,1,,,,,79.17647059,,79.17647059,,
1744340803,37,37,82,1,,,,,79,,79,,
1744340804,29,35,82,1,,,,,78.82352941,,78.82352941,,
1744340804,29,40,82,1,,,,,78.64705882,,78.64705882,,
1744340804,24,37,82,1,,,,,78.47058824,,78.47058824,,
1744340804,24,32,82,1,,,,,78.29411765,,78.29411765,,
1744340804,34,28,82,1,,,,,78.11764706,,78.11764706,,
1744340804,31,38,82,1,,,,,77.94117647,,77.94117647,,
1744340804,30,34,82,1,,,,,77.76470588,,77.76470588,,
1744340804,18,38,82,1,,,,,77.58823529,,77.58823529,,
1744340804,34,39,82,1,,,,,77.35294118,,77.35294118,,
1744340804,31,38,82,1,,,,,77.11764706,,77.11764706,,
1744340805,30,39,82,1,,,,,76.88235294,,76.88235294,,
1744340805,24,38,82,1,,,,,76.64705882,,76.64705882,,
1744340805,26,39,82,1,,,,,76.41176471,,76.41176471,,
1744340805,22,30,82,1,,,,,76.17647059,,76.17647059,,
1744340805,22,29,82,1,,,,,75.94117647,,75.94117647,,
1744340805,22,34,82,1,,,,,75.70588235,,75.70588235,,
1744340805,1993,31,82,1,,,,,75.47058824,,75.47058824,,
1744340805,1131,35,82,1,,,,,75.23529412,,75.23529412,,
1744340805,1131,35,82,1,,,,,75,,75,,
1744340805,1131,35,82,1,,,,,74.76470588,,74.76470588,,
1744340806,743,569,82,1,,,,,74.52941176,,74.52941176,,
1744340806,751,2146,82,1,,,,,74.29411765,,74.29411765,,
1744340806,41,279,82,1,,,,,74.05882353,,74.05882353,,
1744340806,22,279,82,1,,,,,73.82352941,,73.82352941,,
1744340806,27,27,82,1,,,,,73.58823529,,73.58823529,,
1744340806,32,845,82,1,,,,,73.35294118,,73.35294118,,
1744340806,32,333,82,1,,,,,73.11764706,,73.11764706,,
1744340806,30,34,82,1,,,,,72.88235294,,72.88235294,,
1744340806,32,39,82,1,,,,,72.64705882,,72.64705882,,
1744340806,26,35,82,1,,,,,72.41176471,,72.41176471,,
1744340807,19,36,82,1,,,,,72.17647059,,72.17647059,,
1744340807,25,37,82,1,,,,,71.94117647,,71.94117647,,
1744340807,26,34,82,1,,,,,71.70588235,,71.70588235,,
1744340807,34,30,73,1,,,,,71.52941176,,71.52941176,,
1744340807,34,35,73,1,,,,,71.52941176,,71.52941176,,
1744340807,32,32,73,1,,,,,71.52941176,,71.52941176,,
1744340807,26,33,73,1,,,,,71.52941176,,71.52941176,,
1744340807,28,40,73,1,,,,,71.52941176,,71.52941176,,
1744340807,22,35,73,1,,,,,71.52941176,,71.52941176,,
1744340807,25,31,73,1,,,,,71.52941176,,71.52941176,,
1744340808,40,27,73,1,,,,,71.52941176,,71.52941176,,
1744340808,32,34,73,1,,,,,71.52941176,,71.52941176,,
1744340808,34,36,73,1,,,,,71.52941176,,71.52941176,,
1744340808,20,36,73,1,,,,,71.52941176,,71.52941176,,
1744340808,25,39,73,1,,,,,71.52941176,,71.52941176,,
1744340808,31,28,73,1,,,,,71.52941176,,71.52941176,,
1744340808,31,33,73,1,,,,,71.52941176,,71.52941176,,
1744340808,25,30,73,1,,,,,71.52941176,,71.52941176,,
1744340808,24,34,73,1,,,,,71.52941176,,71.52941176,,
1744340808,33,32,73,1,,,,,71.52941176,,71.52941176,,
1744340809,30,33,73,1,,,,,71.52941176,,71.52941176,,
1744340809,25,36,73,1,,,,,71.52941176,,71.52941176,,
1744340809,25,38,73,1,,,,,71.52941176,,71.52941176,,
1744340809,25,29,73,1,,,,,71.52941176,,71.52941176,,
1744340809,1817,30,73,1,,,,,71.52941176,,71.52941176,,
1744340809,1324,29,73,1,,,,,71.52941176,,71.52941176,,
1744340809,1324,7,73,1,,,,,71.52941176,,71.52941176,,
1744340809,1324,7,73,1,,,,,71.52941176,,71.52941176,,
1744340809,735,626,70,1,,,,,70.7254902,,70.7254902,,
1744340809,663,2096,70,1,,,,,69.98039216,,69.98039216,,
1744340810,26,144,70,1,,,,,69.23529412,,69.23529412,,
1744340810,26,144,70,1,,,,,68.49019608,,68.49019608,,
1744340810,35,188,70,1,,,,,67.74509804,,67.74509804,,
1744340810,38,906,70,1,,,,,67,,67,,
1744340810,34,190,70,1,,,,,66.25490196,,66.25490196,,
1744340810,31,33,70,1,,,,,65.50980392,,65.50980392,,
1744340810,29,32,70,1,,,,,64.76470588,,64.76470588,,
1744340810,25,37,70,1,,,,,64.01960784,,64.01960784,,
1744340810,31,35,70,1,,,,,63.2745098,,63.2745098,,
1744340810,19,36,70,1,,,,,62.52941176,,62.52941176,,
1744340811,22,33,70,1,,,,,61.78431373,,61.78431373,,
1744340811,27,35,70,1,,,,,61.03921569,,61.03921569,,
1744340811,29,33,70,1,,,,,60.29411765,,60.29411765,,
1744340811,32,35,70,1,,,,,59.54901961,,59.54901961,,
1744340811,27,35,70,1,,,,,58.80392157,,58.80392157,,
1744340811,22,36,70,1,,,,,58.05882353,,58.05882353,,
1744340811,21,35,70,1,,,,,57.31372549,,57.31372549,,
1744340811,24,36,70,1,,,,,56.56862745,,56.56862745,,
1744340811,29,34,70,1,,,,,55.82352941,,55.82352941,,
1744340811,35,36,70,1,,,,,55.07843137,,55.07843137,,
1744340812,30,29,70,1,,,,,54.33333333,,54.33333333,,
1744340812,34,39,70,1,,,,,53.58823529,,53.58823529,,
1744340812,23,40,70,1,,,,,52.84313725,,52.84313725,,
1744340812,29,34,73,1,,,,,53.11764706,,53.11764706,,
1744340812,30,27,73,1,,,,,53.33333333,,53.33333333,,
1744340812,26,36,73,1,,,,,53.54901961,,53.54901961,,
1744340812,21,33,73,1,,,,,53.76470588,,53.76470588,,
1744340812,25,34,73,1,,,,,53.98039216,,53.98039216,,
1744340812,30,35,73,1,,,,,54.19607843,,54.19607843,,
1744340812,30,37,73,1,,,,,54.41176471,,54.41176471,,
1744340813,30,38,73,1,,,,,54.62745098,,54.62745098,,
1744340813,30,40,73,1,,,,,54.84313725,,54.84313725,,
1744340813,1856,36,73,1,,,,,55.05882353,,55.05882353,,
1744340813,1124,38,73,1,,,,,55.2745098,,55.2745098,,
1744340813,1124,38,73,1,,,,,55.49019608,,55.49019608,,
1744340813,1124,38,73,1,,,,,55.70588235,,55.70588235,,
1744340813,765,826,73,1,,,,,55.92156863,,55.92156863,,
1744340813,607,2053,73,1,,,,,56.1372549,,56.1372549,,
1744340813,33,159,73,1,,,,,56.35294118,,56.35294118,,
1744340813,23,159,73,1,,,,,56.56862745,,56.56862745,,
1744340814,30,111,73,1,,,,,56.78431373,,56.78431373,,
1744340814,27,873,73,1,,,,,57,,57,,
1744340814,23,199,73,1,,,,,57.21568627,,57.21568627,,
1744340814,22,34,73,1,,,,,57.43137255,,57.43137255,,
1744340814,28,35,73,1,,,,,57.64705882,,57.64705882,,
1744340814,25,31,73,1,,,,,57.8627451,,57.8627451,,
1744340814,39,37,73,1,,,,,58.07843137,,58.07843137,,
1744340814,30,37,73,1,,,,,58.29411765,,58.29411765,,
1744340814,29,39,32,1,,,,,57.98039216,,57.98039216,,
1744340814,22,31,32,1,,,,,58.47058824,,58.47058824,,
1744340815,34,33,32,1,,,,,58.96078431,,58.96078431,,
1744340815,31,34,32,1,,,,,59.45098039,,59.45098039,,
1744340815,28,37,32,1,,,,,59.94117647,,59.94117647,,
1744340815,26,33,32,1,,,,,60.43137255,,60.43137255,,
1744340815,25,42,32,1,,,,,60.92156863,,60.92156863,,
1744340815,31,38,32,1,,,,,61.41176471,,61.41176471,,
1744340815,28,31,32,1,,,,,61.90196078,,61.90196078,,
1744340815,22,35,32,1,,,,,62.39215686,,62.39215686,,
1744340815,31,38,32,1,,,,,62.88235294,,62.88235294,,
1744340815,25,39,32,1,,,,,63.37254902,,63.37254902,,
1744340816,25,34,32,1,,,,,63.8627451,,63.8627451,,
1744340816,23,36,32,1,,,,,64.35294118,,64.35294118,,
1744340816,32,37,32,1,,,,,64.84313725,,64.84313725,,
1744340816,29,35,32,1,,,,,65.33333333,,65.33333333,,
1744340816,34,33,32,1,,,,,65.82352941,,65.82352941,,
1744340816,29,36,32,1,,,,,66.31372549,,66.31372549,,
1744340816,28,34,32,1,,,,,66.80392157,,66.80392157,,
1744340816,26,38,32,1,,,,,67.29411765,,67.29411765,,
1744340816,26,35,32,1,,,,,67.78431373,,67.78431373,,
1744340816,26,28,32,1,,,,,68.2745098,,68.2745098,,
1744340817,1370,32,32,1,,,,,68.76470588,,68.76470588,,
1744340817,1755,32,32,1,,,,,69.25490196,,69.25490196,,
1744340817,1755,22,32,1,,,,,69.74509804,,69.74509804,,
1744340824,635,38,84,1,,,,,70.68627451,,70.68627451,,
1744340825,635,38,84,1,,,,,70.60784314,,70.60784314,,
1744340825,782,1090,84,1,,,,,70.52941176,,70.52941176,,
1744340825,475,1832,84,1,,,,,70.45098039,,70.45098039,,
1744340825,32,50,84,1,,,,,70.37254902,,70.37254902,,
1744340825,32,50,84,1,,,,,70.29411765,,70.29411765,,
1744340825,36,228,84,1,,,,,70.21568627,,70.21568627,,
1744340825,33,854,84,1,,,,,70.1372549,,70.1372549,,
1744340825,25,134,84,1,,,,,70.05882353,,70.05882353,,
1744340825,27,36,84,1,,,,,69.98039216,,69.98039216,,
1744340825,31,44,84,1,,,,,69.90196078,,69.90196078,,
1744340826,22,41,84,1,,,,,69.82352941,,69.82352941,,
1744340826,23,43,84,1,,,,,69.74509804,,69.74509804,,
1744340826,25,31,84,1,,,,,69.66666667,,69.66666667,,
1744340826,33,30,84,1,,,,,69.58823529,,69.58823529,,
1744340826,33,36,84,1,,,,,69.50980392,,69.50980392,,
1744340826,26,35,84,1,,,,,69.43137255,,69.43137255,,
1744340826,29,37,84,1,,,,,69.35294118,,69.35294118,,
1744340826,23,37,84,1,,,,,69.2745098,,69.2745098,,
1744340826,31,35,84,1,,,,,69.19607843,,69.19607843,,
1744340826,29,27,84,1,,,,,69.11764706,,69.11764706,,
1744340827,25,32,84,1,,,,,69.03921569,,69.03921569,,
1744340827,38,31,84,1,,,,,68.96078431,,68.96078431,,
1744340827,23,33,84,1,,,,,68.88235294,,68.88235294,,
1744340827,23,34,84,1,,,,,68.80392157,,68.80392157,,
1744340827,33,29,57,1,,,,,68.7254902,,68.7254902,,
1744340827,22,39,57,1,,,,,69.17647059,,69.17647059,,
1744340827,25,34,57,1,,,,,69.62745098,,69.62745098,,
1744340827,36,25,57,1,,,,,70.07843137,,70.07843137,,
1744340827,31,35,57,1,,,,,70.52941176,,70.52941176,,
1744340827,32,35,57,1,,,,,70.98039216,,70.98039216,,
1744340828,23,41,57,1,,,,,71.43137255,,71.43137255,,
1744340828,23,39,57,1,,,,,71.88235294,,71.88235294,,
1744340828,25,29,57,1,,,,,72.33333333,,72.33333333,,
1744340828,25,25,57,1,,,,,72.78431373,,72.78431373,,
1744340828,25,37,57,1,,,,,73.23529412,,73.23529412,,
1744340828,1056,33,57,1,,,,,73.68627451,,73.68627451,,
1744340828,1816,40,57,1,,,,,74.1372549,,74.1372549,,
1744340828,32,33,57,1,,,,,74.58823529,,74.58823529,,
1744340828,32,33,57,1,,,,,75.03921569,,75.03921569,,
1744340828,279,33,57,1,,,,,75.49019608,,75.49019608,,
1744340829,822,1586,57,1,,,,,75.94117647,,75.94117647,,
1744340829,112,650,57,1,,,,,76.39215686,,76.39215686,,
1744340829,30,650,57,1,,,,,76.84313725,,76.84313725,,
1744340829,29,650,57,1,,,,,77.29411765,,77.29411765,,
1744340829,28,454,57,1,,,,,77.74509804,,77.74509804,,
1744340829,28,529,57,1,,,,,78.19607843,,78.19607843,,
1744340829,33,100,57,1,,,,,78.64705882,,78.64705882,,
1744340829,22,33,57,1,,,,,79.09803922,,79.09803922,,
1744340829,25,34,57,1,,,,,79.54901961,,79.54901961,,
1744340829,28,34,80,1,,,,,79.94117647,,79.94117647,,
1744340830,24,30,80,1,,,,,79.88235294,,79.88235294,,
1744340830,32,31,80,1,,,,,79.82352941,,79.82352941,,
1744340830,25,28,80,1,,,,,79.76470588,,79.76470588,,
1744340830,31,40,80,1,,,,,79.70588235,,79.70588235,,
1744340830,22,36,80,1,,,,,79.64705882,,79.64705882,,
1744340830,24,34,80,1,,,,,79.58823529,,79.58823529,,
1744340830,19,37,80,1,,,,,79.52941176,,79.52941176,,
1744340830,25,24,80,1,,,,,79.47058824,,79.47058824,,
1744340830,30,30,80,1,,,,,79.41176471,,79.41176471,,
1744340830,31,34,80,1,,,,,79.35294118,,79.35294118,,
1744340831,35,37,80,1,,,,,79.29411765,,79.29411765,,
1744340831,30,41,80,1,,,,,79.23529412,,79.23529412,,
1744340831,25,36,80,1,,,,,79.17647059,,79.17647059,,
1744340831,20,30,80,1,,,,,79.11764706,,79.11764706,,
1744340831,28,36,80,1,,,,,79.05882353,,79.05882353,,
1744340831,30,29,80,1,,,,,79,,79,,
1744340831,32,39,80,1,,,,,78.94117647,,78.94117647,,
1744340831,32,32,80,1,,,,,78.88235294,,78.88235294,,
1744340831,17,37,80,1,,,,,78.82352941,,78.82352941,,
1744340831,25,37,80,1,,,,,78.76470588,,78.76470588,,
1744340832,25,34,80,1,,,,,78.70588235,,78.70588235,,
1744340832,37,25,80,1,,,,,78.64705882,,78.64705882,,
1744340832,37,34,80,1,,,,,78.58823529,,78.58823529,,
1744340832,37,33,80,1,,,,,78.52941176,,78.52941176,,
1744340832,897,22,80,1,,,,,78.52941176,,78.52941176,,
1744340832,1233,36,80,1,,,,,78.52941176,,78.52941176,,
1744340832,143,37,80,1,,,,,78.52941176,,78.52941176,,
1744340832,143,37,80,1,,,,,78.52941176,,78.52941176,,
1744340832,24,37,80,1,,,,,78.52941176,,78.52941176,,
1744340832,791,1700,80,1,,,,,78.52941176,,78.52941176,,
1744340833,243,1156,80,1,,,,,78.52941176,,78.52941176,,
1744340833,37,1156,80,1,,,,,78.52941176,,78.52941176,,
1744340833,33,1156,80,1,,,,,78.52941176,,78.52941176,,
1744340833,24,461,80,1,,,,,78.52941176,,78.52941176,,
1744340833,29,799,80,1,,,,,78.52941176,,78.52941176,,
1744340833,29,86,80,1,,,,,78.52941176,,78.52941176,,
1744340833,30,32,80,1,,,,,78.52941176,,78.52941176,,
1744340833,25,38,80,1,,,,,78.52941176,,78.52941176,,
1744340833,24,33,80,1,,,,,78.52941176,,78.52941176,,
1744340833,26,34,80,1,,,,,78.52941176,,78.52941176,,
1744340834,18,40,80,1,,,,,78.52941176,,78.52941176,,
1744340834,23,36,80,1,,,,,78.52941176,,78.52941176,,
1744340834,24,37,80,1,,,,,78.52941176,,78.52941176,,
1744340834,29,34,80,1,,,,,78.52941176,,78.52941176,,
1744340834,30,23,80,1,,,,,78.52941176,,78.52941176,,
1744340834,29,27,80,1,,,,,78.52941176,,78.52941176,,
1744340834,28,35,80,1,,,,,78.52941176,,78.52941176,,
1744340834,22,33,80,1,,,,,78.52941176,,78.52941176,,
1744340834,30,29,80,1,,,,,78.52941176,,78.52941176,,
1744340834,32,34,77,1,,,,,78.88235294,,78.88235294,,
1744340835,30,31,77,1,,,,,79.29411765,,79.29411765,,
1744340835,25,30,77,1,,,,,79.70588235,,79.70588235,,
1744340835,26,38,77,1,,,,,80.11764706,,80.11764706,,
1744340835,18,40,77,1,,,,,80.52941176,,80.52941176,,
1744340835,28,37,77,1,,,,,80.94117647,,80.94117647,,
1744340835,36,34,77,1,,,,,81.35294118,,81.35294118,,
1744340835,30,33,77,1,,,,,81.76470588,,81.76470588,,
1744340835,29,35,77,1,,,,,82.17647059,,82.17647059,,
1744340835,26,38,77,1,,,,,82.58823529,,82.58823529,,
1744340835,21,39,77,1,,,,,83,,83,,
1744340836,31,34,77,1,,,,,83.41176471,,83.41176471,,
1744340836,31,27,77,1,,,,,83.82352941,,83.82352941,,
1744340836,31,35,77,1,,,,,84.23529412,,84.23529412,,
1744340836,879,32,77,1,,,,,84.64705882,,84.64705882,,
1744340836,1801,37,77,1,,,,,85.05882353,,85.05882353,,
1744340836,71,37,77,1,,,,,85.47058824,,85.47058824,,
1744340836,71,37,77,1,,,,,85.88235294,,85.88235294,,
1744340836,165,37,77,1,,,,,86.29411765,,86.29411765,,
1744340836,766,1373,77,1,,,,,86.70588235,,86.70588235,,
1744340836,164,815,77,1,,,,,87.11764706,,87.11764706,,
1744340837,30,20,77,1,,,,,87.52941176,,87.52941176,,
1744340837,33,20,77,1,,,,,87.94117647,,87.94117647,,
1744340837,32,245,77,1,,,,,88.35294118,,88.35294118,,
1744340837,25,576,77,1,,,,,88.76470588,,88.76470588,,
1744340837,28,109,80,1,,,,,88.80392157,,88.80392157,,
1744340837,23,39,80,1,,,,,88.78431373,,88.78431373,,
1744340837,19,36,80,1,,,,,88.76470588,,88.76470588,,
1744340837,25,33,80,1,,,,,88.74509804,,88.74509804,,
1744340837,28,32,80,1,,,,,88.7254902,,88.7254902,,
1744340837,32,41,80,1,,,,,88.70588235,,88.70588235,,
1744340838,29,33,80,1,,,,,88.68627451,,88.68627451,,
1744340838,22,37,80,1,,,,,88.66666667,,88.66666667,,
1744340838,26,40,80,1,,,,,88.64705882,,88.64705882,,
1744340838,30,24,80,1,,,,,88.62745098,,88.62745098,,
1744340838,31,37,80,1,,,,,88.60784314,,88.60784314,,
1744340838,28,35,80,1,,,,,88.58823529,,88.58823529,,
1744340838,25,43,80,1,,,,,88.56862745,,88.56862745,,
1744340838,25,37,80,1,,,,,88.54901961,,88.54901961,,
1744340838,28,35,80,1,,,,,88.52941176,,88.52941176,,
1744340838,21,26,80,1,,,,,88.50980392,,88.50980392,,
1744340839,21,28,80,1,,,,,88.49019608,,88.49019608,,
1744340839,31,31,80,1,,,,,88.47058824,,88.47058824,,
1744340839,29,43,80,1,,,,,88.45098039,,88.45098039,,
1744340839,23,39,80,1,,,,,88.43137255,,88.43137255,,
1744340839,23,35,80,1,,,,,88.41176471,,88.41176471,,
1744340839,27,37,80,1,,,,,88.39215686,,88.39215686,,
1744340839,26,33,80,1,,,,,88.37254902,,88.37254902,,
1744340839,39,21,80,1,,,,,88.35294118,,88.35294118,,
1744340839,31,28,80,1,,,,,88.33333333,,88.33333333,,
1744340839,29,37,98,1,,,,,88.31372549,,88.31372549,,
1744340840,29,39,98,1,,,,,87.94117647,,87.94117647,,
1744340840,29,37,98,1,,,,,87.56862745,,87.56862745,,
1744340840,982,31,98,1,,,,,87.19607843,,87.19607843,,
1744340840,1003,36,98,1,,,,,86.82352941,,86.82352941,,
1744340840,83,38,98,1,,,,,86.45098039,,86.45098039,,
1744340840,83,38,98,1,,,,,86.07843137,,86.07843137,,
1744340840,37,38,98,1,,,,,85.70588235,,85.70588235,,
1744340840,751,1631,98,1,,,,,85.33333333,,85.33333333,,
1744340840,247,1105,98,1,,,,,84.96078431,,84.96078431,,
1744340840,24,1105,98,1,,,,,84.58823529,,84.58823529,,
1744340841,28,1105,98,1,,,,,84.21568627,,84.21568627,,
1744340841,27,443,98,1,,,,,83.84313725,,83.84313725,,
1744340841,36,731,98,1,,,,,83.47058824,,83.47058824,,
1744340841,31,65,98,1,,,,,83.09803922,,83.09803922,,
1744340841,23,37,98,1,,,,,82.7254902,,82.7254902,,
1744340841,26,40,98,1,,,,,82.35294118,,82.35294118,,
1744340841,26,35,98,1,,,,,81.98039216,,81.98039216,,
1744340841,33,37,98,1,,,,,81.60784314,,81.60784314,,
1744340841,30,38,98,1,,,,,81.23529412,,81.23529412,,
1744340841,36,47,98,1,,,,,80.8627451,,80.8627451,,
1744340842,23,32,98,1,,,,,80.49019608,,80.49019608,,
1744340842,24,39,98,1,,,,,80.11764706,,80.11764706,,
1744340842,27,31,98,1,,,,,79.74509804,,79.74509804,,
1744340842,22,33,98,1,,,,,79.37254902,,79.37254902,,
1744340842,31,33,79,1,,,,,79.01960784,,79.01960784,,
1744340842,31,41,79,1,,,,,79.03921569,,79.03921569,,
1744340842,25,36,79,1,,,,,79.05882353,,79.05882353,,
1744340842,19,28,79,1,,,,,79.07843137,,79.07843137,,
1744340842,21,28,79,1,,,,,79.09803922,,79.09803922,,
1744340842,31,41,79,1,,,,,79.11764706,,79.11764706,,
1744340843,36,35,79,1,,,,,79.1372549,,79.1372549,,
1744340843,23,39,79,1,,,,,79.15686275,,79.15686275,,
1744340843,27,39,79,1,,,,,79.17647059,,79.17647059,,
1744340843,30,31,79,1,,,,,79.19607843,,79.19607843,,
1744340843,28,31,79,1,,,,,79.21568627,,79.21568627,,
1744340843,30,30,79,1,,,,,79.23529412,,79.23529412,,
1744340843,29,31,79,1,,,,,79.25490196,,79.25490196,,
1744340843,30,34,79,1,,,,,79.2745098,,79.2745098,,
1744340843,25,37,79,1,,,,,79.29411765,,79.29411765,,
1744340843,14,36,79,1,,,,,79.31372549,,79.31372549,,
1744340844,14,34,79,1,,,,,79.33333333,,79.33333333,,
1744340844,23,34,79,1,,,,,79.35294118,,79.35294118,,
1744340844,1487,36,79,1,,,,,79.37254902,,79.37254902,,
1744340844,619,35,79,1,,,,,79.39215686,,79.39215686,,
1744340844,619,17,79,1,,,,,79.41176471,,79.41176471,,
1744340844,619,17,79,1,,,,,79.43137255,,79.43137255,,
1744340844,151,17,79,1,,,,,79.45098039,,79.45098039,,
1744340844,642,1704,79,1,,,,,79.47058824,,79.47058824,,
1744340844,165,855,79,1,,,,,79.49019608,,79.49019608,,
1744340844,31,855,79,1,,,,,79.23529412,,79.23529412,,
1744340845,31,855,79,1,,,,,78.98039216,,78.98039216,,
1744340845,25,546,79,1,,,,,78.7254902,,78.7254902,,
1744340845,31,634,79,1,,,,,78.47058824,,78.47058824,,
1744340845,34,54,79,1,,,,,78.21568627,,78.21568627,,
1744340845,32,40,79,1,,,,,77.96078431,,77.96078431,,
1744340845,19,40,79,1,,,,,77.70588235,,77.70588235,,
1744340845,21,35,79,1,,,,,77.45098039,,77.45098039,,
1744340845,31,33,79,1,,,,,77.19607843,,77.19607843,,
1744340845,35,31,79,1,,,,,76.94117647,,76.94117647,,
1744340845,27,27,79,1,,,,,76.68627451,,76.68627451,,
1744340846,33,30,79,1,,,,,76.43137255,,76.43137255,,
1744340846,33,37,79,1,,,,,76.17647059,,76.17647059,,
1744340846,24,37,79,1,,,,,75.92156863,,75.92156863,,
1744340846,20,36,79,1,,,,,75.66666667,,75.66666667,,
1744340846,30,40,79,1,,,,,75.41176471,,75.41176471,,
1744340846,24,30,79,1,,,,,75.15686275,,75.15686275,,
1744340846,26,32,79,1,,,,,74.90196078,,74.90196078,,
1744340846,38,34,79,1,,,,,74.64705882,,74.64705882,,
1744340846,26,37,79,1,,,,,74.39215686,,74.39215686,,
1744340846,26,36,79,1,,,,,74.1372549,,74.1372549,,
1744340847,24,39,79,1,,,,,73.88235294,,73.88235294,,
1744340847,31,32,79,1,,,,,73.62745098,,73.62745098,,
1744340847,27,31,79,1,,,,,73.37254902,,73.37254902,,
1744340847,34,34,79,1,,,,,73.11764706,,73.11764706,,
1744340847,38,29,80,1,,,,,72.68627451,,72.68627451,,
1744340847,25,40,80,1,,,,,72.23529412,,72.23529412,,
1744340847,26,33,80,1,,,,,71.78431373,,71.78431373,,
1744340847,35,32,80,1,,,,,71.33333333,,71.33333333,,
1744340847,31,32,80,1,,,,,70.88235294,,70.88235294,,
1744340847,14,31,80,1,,,,,70.43137255,,70.43137255,,
1744340848,14,37,80,1,,,,,69.98039216,,69.98039216,,
1744340848,49,33,80,1,,,,,69.52941176,,69.52941176,,
1744340848,1490,34,80,1,,,,,69.07843137,,69.07843137,,
1744340848,557,29,80,1,,,,,68.62745098,,68.62745098,,
1744340848,557,15,80,1,,,,,68.17647059,,68.17647059,,
1744340848,557,15,80,1,,,,,67.7254902,,67.7254902,,
1744340848,378,69,80,1,,,,,67.2745098,,67.2745098,,
1744340848,436,1637,80,1,,,,,66.82352941,,66.82352941,,
1744340848,85,457,80,1,,,,,66.37254902,,66.37254902,,
1744340848,34,457,80,1,,,,,65.92156863,,65.92156863,,
1744340849,31,457,80,1,,,,,65.47058824,,65.47058824,,
1744340849,29,658,80,1,,,,,65.01960784,,65.01960784,,
1744340849,29,395,80,1,,,,,64.56862745,,64.56862745,,
1744340849,36,31,80,1,,,,,64.11764706,,64.11764706,,
1744340849,31,34,80,1,,,,,63.66666667,,63.66666667,,
1744340849,30,41,80,1,,,,,63.21568627,,63.21568627,,
1744340849,18,33,80,1,,,,,62.76470588,,62.76470588,,
1744340849,31,40,80,1,,,,,62.31372549,,62.31372549,,
1744340849,32,32,80,1,,,,,61.8627451,,61.8627451,,
1744340849,29,36,66,1,,,,,60.92156863,,60.92156863,,
1744340850,26,43,66,1,,,,,60.25490196,,60.25490196,,
1744340850,30,28,66,1,,,,,59.58823529,,59.58823529,,
1744340850,26,35,66,1,,,,,58.92156863,,58.92156863,,
1744340850,36,38,66,1,,,,,58.25490196,,58.25490196,,
1744340850,30,38,66,1,,,,,57.58823529,,57.58823529,,
1744340850,27,37,66,1,,,,,56.92156863,,56.92156863,,
1744340850,22,33,66,1,,,,,56.25490196,,56.25490196,,
1744340850,26,32,66,1,,,,,55.58823529,,55.58823529,,
1744340850,28,32,66,1,,,,,54.92156863,,54.92156863,,
1744340850,36,28,66,1,,,,,54.25490196,,54.25490196,,
1744340851,30,35,66,1,,,,,53.58823529,,53.58823529,,
1744340851,28,31,66,1,,,,,52.92156863,,52.92156863,,
1744340851,26,41,66,1,,,,,52.25490196,,52.25490196,,
1744340851,29,32,66,1,,,,,51.58823529,,51.58823529,,
1744340851,20,32,66,1,,,,,50.92156863,,50.92156863,,
1744340851,29,31,66,1,,,,,50.25490196,,50.25490196,,
1744340851,29,32,66,1,,,,,49.58823529,,49.58823529,,
1744340851,29,31,66,1,,,,,48.92156863,,48.92156863,,
1744340851,23,39,66,1,,,,,48.25490196,,48.25490196,,
1744340851,23,32,66,1,,,,,47.58823529,,47.58823529,,
1744340852,23,31,66,1,,,,,46.92156863,,46.92156863,,
1744340852,733,37,66,1,,,,,46.25490196,,46.25490196,,
1744340852,1642,35,66,1,,,,,45.58823529,,45.58823529,,
1744340852,149,31,66,1,,,,,44.92156863,,44.92156863,,
1744340852,149,31,57,1,,,,,44.7254902,,44.7254902,,
1744340852,47,31,57,1,,,,,44.70588235,,44.70588235,,
1744340852,632,956,57,1,,,,,44.68627451,,44.68627451,,
1744340852,165,890,57,1,,,,,44.66666667,,44.66666667,,
1744340852,31,41,57,1,,,,,44.64705882,,44.64705882,,
1744340852,31,41,57,1,,,,,44.62745098,,44.62745098,,
1744340853,21,175,57,1,,,,,44.60784314,,44.60784314,,
1744340853,26,545,57,1,,,,,44.58823529,,44.58823529,,
1744340853,21,116,57,1,,,,,44.56862745,,44.56862745,,
1744340853,23,31,57,1,,,,,44.54901961,,44.54901961,,
1744340853,25,33,57,1,,,,,44.52941176,,44.52941176,,
1744340853,35,36,57,1,,,,,44.50980392,,44.50980392,,
1744340853,33,37,57,1,,,,,44.49019608,,44.49019608,,
1744340853,28,32,57,1,,,,,44.47058824,,44.47058824,,
1744340853,24,36,57,1,,,,,44.45098039,,44.45098039,,
1744340853,24,39,57,1,,,,,44.43137255,,44.43137255,,
1744340854,33,34,57,1,,,,,44.41176471,,44.41176471,,
1744340854,31,29,57,1,,,,,44.39215686,,44.39215686,,
1744340854,26,37,57,1,,,,,44.37254902,,44.37254902,,
1744340854,30,41,57,1,,,,,44.35294118,,44.35294118,,
1744340854,24,38,57,1,,,,,44.33333333,,44.33333333,,
1744340854,33,43,57,1,,,,,44.31372549,,44.31372549,,
1744340854,24,36,57,1,,,,,44.29411765,,44.29411765,,
1744340854,25,33,57,1,,,,,44.2745098,,44.2745098,,
1744340854,28,26,57,1,,,,,44.25490196,,44.25490196,,
1744340854,28,28,32,1,,,,,43.76470588,,43.76470588,,
1744340855,27,34,32,1,,,,,43.76470588,,43.76470588,,
1744340855,26,31,32,1,,,,,43.76470588,,43.76470588,,
1744340855,23,35,32,1,,,,,43.76470588,,43.76470588,,
1744340855,24,33,32,1,,,,,43.76470588,,43.76470588,,
1744340855,21,36,32,1,,,,,43.76470588,,43.76470588,,
1744340855,25,35,32,1,,,,,43.76470588,,43.76470588,,
1744340855,29,33,32,1,,,,,43.76470588,,43.76470588,,
1744340855,26,35,32,1,,,,,43.76470588,,43.76470588,,
1744340855,26,33,32,1,,,,,43.76470588,,43.76470588,,
1744340855,26,40,32,1,,,,,43.76470588,,43.76470588,,
1744340856,606,39,32,1,,,,,43.76470588,,43.76470588,,
1744340856,1173,31,32,1,,,,,43.76470588,,43.76470588,,
1744340856,191,39,32,1,,,,,43.76470588,,43.76470588,,
1744340856,191,39,32,1,,,,,43.76470588,,43.76470588,,
1744340856,20,39,32,1,,,,,43.76470588,,43.76470588,,
1744340856,663,1444,32,1,,,,,43.76470588,,43.76470588,,
1744340856,216,1001,32,1,,,,,43.76470588,,43.76470588,,
1744340856,26,1001,32,1,,,,,43.76470588,,43.76470588,,
1744340856,29,1001,32,1,,,,,43.76470588,,43.76470588,,
1744340856,32,443,32,1,,,,,43.76470588,,43.76470588,,
1744340857,33,609,32,1,,,,,43.76470588,,43.76470588,,
1744340857,28,58,32,1,,,,,43.76470588,,43.76470588,,
1744340857,26,39,32,1,,,,,43.76470588,,43.76470588,,
1744340857,25,37,32,1,,,,,43.76470588,,43.76470588,,
1744340857,26,35,56,1,,,,,43.60784314,,43.60784314,,
1744340857,29,32,56,1,,,,,42.98039216,,42.98039216,,
1744340857,20,33,56,1,,,,,42.35294118,,42.35294118,,
1744340857,23,35,56,1,,,,,41.7254902,,41.7254902,,
1744340857,30,29,56,1,,,,,41.09803922,,41.09803922,,
1744340857,34,33,56,1,,,,,40.47058824,,40.47058824,,
1744340858,30,32,56,1,,,,,39.84313725,,39.84313725,,
1744340858,26,32,56,1,,,,,39.21568627,,39.21568627,,
1744340858,25,35,56,1,,,,,38.58823529,,38.58823529,,
1744340858,22,38,56,1,,,,,37.96078431,,37.96078431,,
1744340858,32,35,56,1,,,,,37.33333333,,37.33333333,,
1744340858,41,32,56,1,,,,,36.70588235,,36.70588235,,
1744340858,34,43,56,1,,,,,36.07843137,,36.07843137,,
1744340858,26,35,56,1,,,,,35.45098039,,35.45098039,,
1744340858,29,36,56,1,,,,,34.82352941,,34.82352941,,
1744340858,23,37,56,1,,,,,34.19607843,,34.19607843,,
1744340859,26,26,56,1,,,,,33.56862745,,33.56862745,,
1744340859,36,36,56,1,,,,,32.94117647,,32.94117647,,
1744340859,27,36,56,1,,,,,32.31372549,,32.31372549,,
1744340859,23,39,56,1,,,,,31.68627451,,31.68627451,,
1744340859,26,35,56,1,,,,,31.05882353,,31.05882353,,
1744340859,20,30,56,1,,,,,30.43137255,,30.43137255,,
1744340859,32,26,56,1,,,,,29.80392157,,29.80392157,,
1744340859,9,29,56,1,,,,,29.17647059,,29.17647059,,
1744340859,9,38,56,1,,,,,28.54901961,,28.54901961,,
1744340859,313,41,32,1,,,,,27.92156863,,27.92156863,,
1744340860,1597,37,32,1,,,,,27.76470588,,27.76470588,,
1744340860,193,34,32,1,,,,,27.60784314,,27.60784314,,
1744340860,193,34,32,1,,,,,27.45098039,,27.45098039,,
1744340860,7,34,32,1,,,,,27.29411765,,27.29411765,,
1744340860,560,739,32,1,,,,,27.1372549,,27.1372549,,
1744340860,212,1024,32,1,,,,,26.98039216,,26.98039216,,
1744340860,29,133,32,1,,,,,26.82352941,,26.82352941,,
1744340860,25,133,32,1,,,,,26.66666667,,26.66666667,,
1744340860,28,88,32,1,,,,,26.50980392,,26.50980392,,
1744340860,27,599,32,1,,,,,26.35294118,,26.35294118,,
1744340861,36,160,32,1,,,,,26.19607843,,26.19607843,,
1744340861,31,36,32,1,,,,,26.03921569,,26.03921569,,
1744340861,28,36,32,1,,,,,25.88235294,,25.88235294,,
1744340861,28,38,32,1,,,,,25.7254902,,25.7254902,,
1744340861,19,36,32,1,,,,,25.56862745,,25.56862745,,
1744340861,23,36,32,1,,,,,25.41176471,,25.41176471,,
1744340861,30,31,32,1,,,,,25.25490196,,25.25490196,,
1744340861,36,36,32,1,,,,,25.09803922,,25.09803922,,
1744340861,26,29,32,1,,,,,24.94117647,,24.94117647,,
1744340861,32,39,32,1,,,,,24.78431373,,24.78431373,,
1744340862,30,30,32,1,,,,,24.62745098,,24.62745098,,
1744340862,18,37,32,1,,,,,24.47058824,,24.47058824,,
1744340862,29,31,32,1,,,,,24.31372549,,24.31372549,,
1744340862,27,29,32,1,,,,,24.15686275,,24.15686275,,
1744340862,32,25,24,1,,,,,24,,24,,
1744340862,33,29,24,1,,,,,24,,24,,
1744340862,31,37,24,1,,,,,24,,24,,
1744340862,28,37,24,1,,,,,24,,24,,
1744340862,25,37,24,1,,,,,24,,24,,
1744340862,25,35,24,1,,,,,24,,24,,
1744340863,20,26,24,1,,,,,24,,24,,
1744340863,33,28,24,1,,,,,24,,24,,
1744340863,38,32,24,1,,,,,24,,24,,
1744340863,29,36,24,1,,,,,24,,24,,
1744340863,24,32,24,1,,,,,24,,24,,
1744340863,24,45,24,1,,,,,24,,24,,
1744340863,24,31,24,1,,,,,24,,24,,
1744340863,24,27,24,1,,,,,24,,24,,
1744340863,902,33,24,1,,,,,24,,24,,
1744340863,2210,35,24,1,,,,,24,,24,,
1744340864,265,34,24,1,,,,,24,,24,,
1744340864,265,34,24,1,,,,,24,,24,,
1744340864,143,34,24,1,,,,,24,,24,,
1744340864,1207,3009,24,1,,,,,24,,24,,
1744340864,278,1458,24,1,,,,,24,,24,,
1744340864,32,1458,24,1,,,,,24,,24,,
1744340864,28,1458,24,1,,,,,24,,24,,
1744340864,37,1223,24,1,,,,,24,,24,,
1744340864,28,853,24,1,,,,,24,,24,,
1744340864,24,39,24,1,,,,,24.49019608,,24.49019608,,
1744340865,24,36,24,1,,,,,24.98039216,,24.98039216,,
1744340865,27,35,24,1,,,,,25.47058824,,25.47058824,,
1744340865,27,30,24,1,,,,,25.96078431,,25.96078431,,
1744340865,35,33,24,1,,,,,26.45098039,,26.45098039,,
1744340865,24,35,24,1,,,,,26.94117647,,26.94117647,,
1744340865,28,39,24,1,,,,,27.43137255,,27.43137255,,
1744340865,25,34,24,1,,,,,27.92156863,,27.92156863,,
1744340865,30,38,24,1,,,,,28.41176471,,28.41176471,,
1744340865,25,35,24,1,,,,,28.90196078,,28.90196078,,
1744340865,33,32,24,1,,,,,29.39215686,,29.39215686,,
1744340866,27,34,24,1,,,,,29.88235294,,29.88235294,,
1744340866,32,37,24,1,,,,,30.37254902,,30.37254902,,
1744340866,32,33,24,1,,,,,30.8627451,,30.8627451,,
1744340866,29,37,24,1,,,,,31.35294118,,31.35294118,,
1744340866,25,40,24,1,,,,,31.84313725,,31.84313725,,
1744340866,26,33,24,1,,,,,32.33333333,,32.33333333,,
1744340866,29,33,24,1,,,,,32.82352941,,32.82352941,,
1744340866,37,32,24,1,,,,,33.31372549,,33.31372549,,
1744340866,31,35,24,1,,,,,33.80392157,,33.80392157,,
1744340866,32,37,24,1,,,,,34.29411765,,34.29411765,,
1744340867,25,38,24,1,,,,,34.78431373,,34.78431373,,
1744340867,23,39,24,1,,,,,35.2745098,,35.2745098,,
1744340867,32,35,24,1,,,,,35.76470588,,35.76470588,,
1744340867,39,28,24,1,,,,,36.25490196,,36.25490196,,
1744340867,30,27,24,1,,,,,35.90196078,,35.90196078,,
1744340867,30,35,24,1,,,,,35.54901961,,35.54901961,,
1744340867,30,38,24,1,,,,,35.19607843,,35.19607843,,
1744340867,3079,36,24,1,,,,,34.84313725,,34.84313725,,
1744340867,1176,33,24,1,,,,,34.49019608,,34.49019608,,
1744340867,1176,33,24,1,,,,,34.1372549,,34.1372549,,
1744340868,1176,33,24,1,,,,,33.78431373,,33.78431373,,
1744340868,1177,1455,24,1,,,,,33.43137255,,33.43137255,,
1744340868,913,3138,24,1,,,,,33.07843137,,33.07843137,,
1744340868,34,191,24,1,,,,,32.7254902,,32.7254902,,
1744340868,28,191,24,1,,,,,32.37254902,,32.37254902,,
1744340868,25,153,24,1,,,,,32.01960784,,32.01960784,,
1744340868,43,1319,24,1,,,,,31.66666667,,31.66666667,,
1744340868,21,293,24,1,,,,,31.31372549,,31.31372549,,
1744340868,35,34,24,1,,,,,30.96078431,,30.96078431,,
1744340868,32,29,24,1,,,,,30.60784314,,30.60784314,,
1744340869,32,37,24,1,,,,,30.25490196,,30.25490196,,
1744340869,34,30,24,1,,,,,29.90196078,,29.90196078,,
1744340869,28,39,24,1,,,,,29.54901961,,29.54901961,,
1744340869,27,41,24,1,,,,,29.19607843,,29.19607843,,
1744340869,23,35,24,1,,,,,28.84313725,,28.84313725,,
1744340869,37,25,24,1,,,,,28.49019608,,28.49019608,,
1744340869,30,32,24,1,,,,,28.1372549,,28.1372549,,
1744340869,31,36,24,1,,,,,27.78431373,,27.78431373,,
1744340869,24,40,24,1,,,,,27.43137255,,27.43137255,,
1744340869,24,43,49,1,,,,,28.52941176,,28.52941176,,
1744340870,21,34,49,1,,,,,29.1372549,,29.1372549,,
1744340870,34,27,49,1,,,,,29.74509804,,29.74509804,,
1744340870,27,28,49,1,,,,,30.35294118,,30.35294118,,
1744340870,30,32,49,1,,,,,30.96078431,,30.96078431,,
1744340870,35,37,49,1,,,,,31.56862745,,31.56862745,,
1744340870,27,30,49,1,,,,,32.17647059,,32.17647059,,
1744340870,21,36,49,1,,,,,32.78431373,,32.78431373,,
1744340870,27,40,49,1,,,,,33.39215686,,33.39215686,,
1744340870,27,30,49,1,,,,,34,,34,,
1744340871,35,27,49,1,,,,,34.60784314,,34.60784314,,
1744340871,29,35,49,1,,,,,35.21568627,,35.21568627,,
1744340871,34,38,49,1,,,,,35.82352941,,35.82352941,,
1744340871,22,38,49,1,,,,,36.43137255,,36.43137255,,
1744340871,15,34,49,1,,,,,37.03921569,,37.03921569,,
1744340871,15,32,49,1,,,,,37.64705882,,37.64705882,,
1744340871,291,33,49,1,,,,,38.25490196,,38.25490196,,
1744340871,3009,29,49,1,,,,,38.8627451,,38.8627451,,
1744340871,637,37,49,1,,,,,39.47058824,,39.47058824,,
1744340871,637,37,49,1,,,,,40.07843137,,40.07843137,,
1744340872,637,37,49,1,,,,,40.68627451,,40.68627451,,
1744340872,1115,1013,49,1,,,,,41.29411765,,41.29411765,,
1744340872,540,2432,49,1,,,,,41.90196078,,41.90196078,,
1744340872,49,358,49,1,,,,,42.50980392,,42.50980392,,
1744340872,23,358,49,1,,,,,43.11764706,,43.11764706,,
1744340872,22,55,6,1,,,,,44.09803922,,44.09803922,,
1744340872,30,1336,6,1,,,,,45.92156863,,45.92156863,,
1744340872,30,368,6,1,,,,,47.74509804,,47.74509804,,
1744340872,37,34,6,1,,,,,49.56862745,,49.56862745,,
1744340872,28,38,6,1,,,,,51.39215686,,51.39215686,,
1744340873,38,34,6,1,,,,,53.21568627,,53.21568627,,
1744340873,27,36,6,1,,,,,55.03921569,,55.03921569,,
1744340873,27,40,6,1,,,,,56.8627451,,56.8627451,,
1744340873,31,35,6,1,,,,,58.68627451,,58.68627451,,
1744340873,21,32,6,1,,,,,60.50980392,,60.50980392,,
1744340873,28,31,6,1,,,,,62.33333333,,62.33333333,,
1744340873,21,34,6,1,,,,,64.15686275,,64.15686275,,
1744340873,28,29,6,1,,,,,65.98039216,,65.98039216,,
1744340873,27,33,6,1,,,,,67.80392157,,67.80392157,,
1744340873,28,34,6,1,,,,,69.62745098,,69.62745098,,
1744340874,32,27,6,1,,,,,71.45098039,,71.45098039,,
1744340874,23,40,6,1,,,,,73.2745098,,73.2745098,,
1744340874,28,28,6,1,,,,,75.09803922,,75.09803922,,
1744340874,28,38,6,1,,,,,76.92156863,,76.92156863,,
1744340874,26,30,6,1,,,,,78.74509804,,78.74509804,,
1744340874,27,32,6,1,,,,,80.56862745,,80.56862745,,
1744340874,23,35,6,1,,,,,82.39215686,,82.39215686,,
1744340874,30,34,6,1,,,,,84.21568627,,84.21568627,,
1744340874,35,38,6,1,,,,,86.03921569,,86.03921569,,
1744340874,20,35,6,1,,,,,87.8627451,,87.8627451,,RELEASE CUFF
1744340875,26,34,80,1,,,,,89.68627451,,89.68627451,,
1744340875,24,39,80,1,,,,,90.05882353,,90.05882353,,
1744340875,23,37,80,1,,,,,90.43137255,,90.43137255,,
1744340875,30,30,80,1,,,,,90.80392157,,90.80392157,,
1744340875,30,26,80,1,,,,,91.17647059,,91.17647059,,
1744340875,30,36,80,1,,,,,91.54901961,,91.54901961,,
1744340875,2328,30,80,1,,,,,91.92156863,,91.92156863,,
1744340875,2424,31,80,1,,,,,92.29411765,,92.29411765,,
1744340875,2424,22,80,1,,,,,92.66666667,,92.66666667,,
1744340875,2424,22,80,1,,,,,93.03921569,,93.03921569,,
1744340876,588,39,80,1,,,,,93.41176471,,93.41176471,,
1744340876,1327,2674,80,1,,,,,93.78431373,,93.78431373,,
1744340876,139,951,80,1,,,,,94.15686275,,94.15686275,,
1744340876,26,951,80,1,,,,,94.52941176,,94.52941176,,
1744340876,22,951,80,1,,,,,94.90196078,,94.90196078,,
1744340876,24,669,80,1,,,,,95.2745098,,95.2745098,,
1744340876,28,837,80,1,,,,,95.64705882,,95.64705882,,
1744340876,25,123,80,1,,,,,96.01960784,,96.01960784,,
1744340876,26,32,80,1,,,,,96.39215686,,96.39215686,,
1744340876,31,34,80,1,,,,,96.76470588,,96.76470588,,
1744340877,25,33,80,1,,,,,97.1372549,,97.1372549,,
1744340877,30,39,80,1,,,,,97.50980392,,97.50980392,,
1744340877,25,41,80,1,,,,,97.88235294,,97.88235294,,
1744340877,26,34,80,1,,,,,98.25490196,,98.25490196,,
1744340877,29,31,80,1,,,,,98.62745098,,98.62745098,,
1744340877,23,37,99,1,,,,,98.80392157,,98.80392157,,
1744340877,30,35,99,1,,,,,98.60784314,,98.60784314,,
1744340877,26,40,99,1,,,,,98.41176471,,98.41176471,,
1744340877,28,35,99,1,,,,,98.21568627,,98.21568627,,
1744340877,19,35,99,1,,,,,98.01960784,,98.01960784,,
1744340878,24,38,99,1,,,,,97.82352941,,97.82352941,,
1744340878,29,35,99,1,,,,,97.62745098,,97.62745098,,
1744340878,35,27,99,1,,,,,97.43137255,,97.43137255,,
1744340878,30,30,99,1,,,,,97.23529412,,97.23529412,,
1744340878,29,39,99,1,,,,,97.03921569,,97.03921569,,
1744340878,28,38,99,1,,,,,96.84313725,,96.84313725,,
1744340878,22,40,99,1,,,,,96.64705882,,96.64705882,,
1744340878,19,33,99,1,,,,,96.45098039,,96.45098039,,
1744340878,34,22,99,1,,,,,96.25490196,,96.25490196,,
1744340878,36,35,99,1,,,,,96.05882353,,96.05882353,,
1744340879,33,35,99,1,,,,,95.8627451,,95.8627451,,
1744340879,29,36,99,1,,,,,95.66666667,,95.66666667,,
1744340879,22,30,99,1,,,,,95.47058824,,95.47058824,,
1744340879,22,38,99,1,,,,,95.2745098,,95.2745098,,
1744340879,22,35,99,1,,,,,95.07843137,,95.07843137,,
1744340879,1045,28,99,1,,,,,94.88235294,,94.88235294,,
1744340879,2176,37,99,1,,,,,94.68627451,,94.68627451,,
1744340879,275,28,99,1,,,,,94.49019608,,94.49019608,,
1744340879,275,28,99,1,,,,,94.29411765,,94.29411765,,
1744340879,48,28,99,1,,,,,94.09803922,,94.09803922,,
1744340880,1373,2666,99,1,,,,,93.90196078,,93.90196078,,
1744340880,425,1887,99,1,,,,,93.70588235,,93.70588235,,
1744340880,26,1887,99,1,,,,,93.50980392,,93.50980392,,
1744340880,22,1887,99,1,,,,,93.31372549,,93.31372549,,
1744340880,28,833,99,1,,,,,93.11764706,,93.11764706,,
1744340880,25,1326,99,1,,,,,92.92156863,,92.92156863,,
1744340880,24,102,99,1,,,,,92.7254902,,92.7254902,,
1744340880,34,37,99,1,,,,,92.52941176,,92.52941176,,
1744340880,28,32,99,1,,,,,92.33333333,,92.33333333,,
1744340880,27,36,99,1,,,,,92.1372549,,92.1372549,,
1744340881,26,33,99,1,,,,,91.94117647,,91.94117647,,
1744340881,22,30,99,1,,,,,91.74509804,,91.74509804,,
1744340881,28,33,99,1,,,,,91.54901961,,91.54901961,,
1744340881,34,40,99,1,,,,,91.35294118,,91.35294118,,
1744340881,29,33,99,1,,,,,91.15686275,,91.15686275,,
1744340881,29,41,99,1,,,,,90.96078431,,90.96078431,,
1744340881,27,39,99,1,,,,,90.76470588,,90.76470588,,
1744340881,33,29,99,1,,,,,90.56862745,,90.56862745,,
1744340881,27,34,99,1,,,,,90.37254902,,90.37254902,,
1744340881,29,32,99,1,,,,,90.17647059,,90.17647059,,
1744340882,28,33,99,1,,,,,89.98039216,,89.98039216,,
1744340882,23,37,99,1,,,,,89.78431373,,89.78431373,,
1744340882,26,40,99,1,,,,,89.58823529,,89.58823529,,
1744340882,25,31,99,1,,,,,89.39215686,,89.39215686,,
1744340882,26,37,99,1,,,,,89.19607843,,89.19607843,,
1744340882,29,26,89,1,,,,,89.15686275,,89.15686275,,
1744340882,25,36,89,1,,,,,89.31372549,,89.31372549,,
1744340882,20,37,89,1,,,,,89.47058824,,89.47058824,,
1744340882,28,36,89,1,,,,,89.62745098,,89.62745098,,
1744340882,28,35,89,1,,,,,89.78431373,,89.78431373,,
1744340883,34,33,89,1,,,,,89.94117647,,89.94117647,,
1744340883,24,37,89,1,,,,,90.09803922,,90.09803922,,
1744340883,24,40,89,1,,,,,90.25490196,,90.25490196,,
1744340883,24,42,89,1,,,,,90.41176471,,90.41176471,,
1744340883,1799,34,89,1,,,,,90.44,,90.44,,
1744340883,2859,34,89,1,,,,,90.46938776,,90.46938776,,
1744340883,73,39,89,1,,,,,90.5,,90.5,,
1744340883,73,39,89,1,,,,,90.53191489,,90.53191489,,
1744340883,304,39,89,1,,,,,90.56521739,,90.56521739,,
1744340883,1435,2256,89,1,,,,,90.6,,90.6,,
1744340884,254,1320,89,1,,,,,90.63636364,,90.63636364,,
1744340884,39,1320,89,1,,,,,90.6744186,,90.6744186,,
1744340884,22,1320,89,1,,,,,90.71428571,,90.71428571,,
1744340884,23,684,89,1,,,,,90.75609756,,90.75609756,,
1744340884,30,966,89,1,,,,,90.8,,90.8,,
1744340884,23,159,89,1,,,,,90.84615385,,90.84615385,,
1744340884,24,41,89,1,,,,,90.89473684,,90.89473684,,
1744340884,34,36,89,1,,,,,90.94594595,,90.94594595,,
1744340884,36,28,89,1,,,,,91,,91,,
1744340884,32,33,89,1,,,,,91.05714286,,91.05714286,,
1744340885,29,35,89,1,,,,,91.11764706,,91.11764706,,
1744340885,21,34,89,1,,,,,91.18181818,,91.18181818,,
1744340885,16,41,89,1,,,,,91.25,,91.25,,
1744340885,26,32,89,1,,,,,91.32258065,,91.32258065,,
1744340885,27,37,89,1,,,,,91.4,,91.4,,
1744340885,21,34,89,1,,,,,91.48275862,,91.48275862,,
1744340885,34,38,89,1,,,,,91.57142857,,91.57142857,,
1744340885,35,30,89,1,,,,,91.66666667,,91.66666667,,
1744340885,30,30,89,1,,,,,91.76923077,,91.76923077,,
1744340885,23,39,89,1,,,,,91.88,,91.88,,
1744340886,22,36,89,1,,,,,92,,92,,
1744340886,23,32,89,1,,,,,92.13043478,,92.13043478,,
1744340886,36,29,89,1,,,,,92.27272727,,92.27272727,,
1744340886,33,34,89,1,,,,,92.42857143,,92.42857143,,
1744340886,35,39,89,1,,,,,92.6,,92.6,,
1744340886,30,35,89,1,,,,,92.78947368,,92.78947368,,
1744340886,22,39,89,1,,,,,93,,93,,
1744340886,20,38,89,1,,,,,93.23529412,,93.23529412,,
1744340886,23,33,89,1,,,,,93.5,,93.5,,
1744340886,28,38,89,1,,,,,93.8,,93.8,,
1744340887,28,33,89,1,,,,,94.14285714,,94.14285714,,
1744340887,28,36,89,1,,,,,94.53846154,,94.53846154,,
1744340887,2203,38,89,1,,,,,95,,95,,
1744340887,2400,32,89,1,,,,,95.54545455,,95.54545455,,
1744340887,2400,15,89,1,,,,,96.2,,96.2,,
1744340887,2400,15,97,1,,,,,97,,97,,
1744340887,1163,709,97,1,,,,,97,,97,,
1744340887,1082,3102,97,1,,,,,97,,97,,
1744340887,34,166,97,1,,,,,97,,97,,
1744340887,36,166,97,1,,,,,97,,97,,
1744340888,31,372,97,1,,,,,97,,97,,
1744340888,34,1533,97,1,,,,,97,,97,,
1744340888,28,154,97,1,,,,,97,,97,,
1744340888,34,24,97,1,,,,,97,,97,,
