Time,Red_light,IR_light,SpO2,SpO2Valid,,,,,,,,,50 point average,,
1744341550,34,521,97,1,,,94.64705882,,,equals ttest,,,94.64705882,,
1744341550,31,521,97,1,,,94.31372549,,,,,,94.31372549,,
1744341550,32,869,97,1,,,93.98039216,,,type 3 t test,,,93.98039216,,
1744341550,28,445,97,1,,,93.64705882,,,,,,93.64705882,,
1744341550,31,48,97,1,,,93.31372549,,,,,,93.31372549,,
1744341550,26,37,97,1,,,92.98039216,,,,,,92.98039216,,
1744341550,24,38,97,1,,,92.64705882,,,,,,92.64705882,,
1744341551,27,34,97,1,,,92.31372549,,,,,,92.31372549,,
1744341551,24,32,97,1,,,91.98039216,,,,,,91.98039216,,
1744341551,24,32,97,1,,,91.64705882,,,,,,91.64705882,,
1744341551,25,32,97,1,,,91.31372549,,,,,,91.31372549,,
1744341551,31,40,97,1,,,90.98039216,,,,,,90.98039216,,
1744341551,30,35,97,1,,,90.64705882,,,,,,90.64705882,,
1744341551,34,36,97,1,,,90.31372549,,,,,,90.31372549,,
1744341551,32,37,97,1,,,89.98039216,,,,,,89.98039216,,
1744341551,28,39,97,1,,,89.64705882,,,,,,89.64705882,,
1744341551,25,27,99,1,,,89.31372549,,,,,,89.31372549,,
1744341552,31,32,99,1,,,88.94117647,,,,,,88.94117647,,
1744341552,33,32,99,1,,,88.56862745,,,,,,88.56862745,,
1744341552,34,28,99,1,,,88.19607843,,,,,,88.19607843,,
1744341552,29,32,99,1,,,87.82352941,,,,,,87.82352941,,
1744341552,24,37,99,1,,,87.45098039,,,,,,87.45098039,,
1744341552,23,37,99,1,,,87.07843137,,,,,,87.07843137,,
1744341552,22,36,99,1,,,86.70588235,,,,,,86.70588235,,
1744341552,31,29,99,1,,,86.33333333,,,,,,86.33333333,,
1744341552,35,32,99,1,,,85.96078431,,,,,,85.96078431,,
1744341552,29,36,99,1,,,85.58823529,,,,,,85.58823529,,
1744341553,25,34,99,1,,,85.21568627,,,,,,85.21568627,,
1744341553,24,34,99,1,,,84.84313725,,,,,,84.84313725,,
1744341553,23,37,99,1,,,84.47058824,,,,,,84.47058824,,
1744341553,12,37,99,1,,,84.09803922,,,,,,84.09803922,,
1744341553,12,27,99,1,,,83.7254902,,,,,,83.7254902,,
1744341553,65,36,99,1,,,83.35294118,,,,,,83.35294118,,
1744341553,2906,32,99,1,,,82.98039216,,,,,,82.98039216,,
1744341553,842,38,99,1,,,82.60784314,,,,,,82.60784314,,
1744341553,842,38,99,1,,,82.23529412,,,,,,82.23529412,,
1744341553,842,38,99,1,,,81.8627451,,,,,,81.8627451,,
1744341554,1062,1873,99,1,,,81.49019608,,,,,,81.49019608,,
1744341554,597,2656,99,1,,,81.11764706,,,,,,81.11764706,,
1744341554,32,53,99,1,,,80.74509804,,,,,,80.74509804,,
1744341554,26,53,99,1,,,80.37254902,,,,,,80.37254902,,
1744341554,39,374,80,1,,,79.94117647,,,,,,79.94117647,,
1744341554,35,1121,80,1,,,79.88235294,,,,,,79.88235294,,
1744341554,22,117,80,1,,,79.82352941,,,,,,79.82352941,,
1744341554,20,31,80,1,,,79.76470588,,,,,,79.76470588,,
1744341554,24,37,80,1,,,79.70588235,,,,,,79.70588235,,
1744341554,21,35,80,1,,,79.64705882,,,,,,79.64705882,,
1744341555,24,31,80,1,,,79.58823529,,,,,,79.58823529,,
1744341555,28,26,80,1,,,79.52941176,,,,,,79.52941176,,
1744341555,32,38,80,1,,,79.47058824,,,,,,79.47058824,,
1744341555,25,39,80,1,,,79.41176471,,,,,,79.41176471,,
1744341555,22,36,80,1,,,79.35294118,,,,,,79.35294118,,
1744341555,30,39,80,1,,,79.29411765,,,,,,79.29411765,,
1744341555,27,34,80,1,,,79.23529412,,,,,,79.23529412,,
1744341555,24,30,80,1,,,79.17647059,,,,,,79.17647059,,
1744341555,33,35,80,1,,,79.11764706,,,,,,79.11764706,,
1744341555,34,32,80,1,,,79.05882353,,,,,,79.05882353,,
1744341556,27,33,80,1,,,79,,,,,,79,,
1744341556,26,35,80,1,,,78.94117647,,,,,,78.94117647,,
1744341556,24,35,80,1,,,78.88235294,,,,,,78.88235294,,
1744341556,19,36,80,1,,,78.82352941,,,,,,78.82352941,,
1744341556,16,32,80,1,,,78.76470588,,,,,,78.76470588,,
1744341556,29,32,80,1,,,78.70588235,,,,,,78.70588235,,
1744341556,38,27,80,1,,,78.64705882,,,,,,78.64705882,,
1744341556,37,30,80,1,,,78.58823529,,,,,,78.58823529,,
1744341556,30,37,80,1,,,78.52941176,,,,,,78.52941176,,
1744341556,36,28,80,1,,,77.8627451,,,,,,77.8627451,,
1744341557,33,36,80,1,,,77.19607843,,,,,,77.19607843,,
1744341557,24,39,80,1,,,76.52941176,,,,,,76.52941176,,
1744341557,20,40,80,1,,,75.8627451,,,,,,75.8627451,,
1744341557,20,36,80,1,,,75.19607843,,,,,,75.19607843,,
1744341557,20,32,80,1,,,74.52941176,,,,,,74.52941176,,
1744341557,1861,32,80,1,,,73.8627451,,,,,,73.8627451,,
1744341557,1680,27,80,1,,,73.19607843,,,,,,73.19607843,,
1744341557,165,24,80,1,,,72.52941176,,,,,,72.52941176,,
1744341557,165,24,80,1,,,71.8627451,,,,,,71.8627451,,
1744341557,25,24,80,1,,,71.19607843,,,,,,71.19607843,,
1744341558,1125,2460,80,1,,,70.52941176,,,,,,70.52941176,,
1744341558,522,2323,80,1,,,69.8627451,,,,,,69.8627451,,
1744341558,23,44,80,1,,,69.19607843,,,,,,69.19607843,,
1744341558,30,44,80,1,,,68.52941176,,,,,,68.52941176,,
1744341558,21,194,80,1,,,67.8627451,,,,,,67.8627451,,
1744341558,27,1091,80,1,,,67.19607843,,,,,,67.19607843,,
1744341558,28,250,80,1,,,66.52941176,,,,,,66.52941176,,
1744341558,35,37,80,1,,,65.8627451,,,,,,65.8627451,,
1744341558,34,29,80,1,,,65.19607843,,,,,,65.19607843,,
1744341558,25,43,80,1,,,64.52941176,,,,,,64.52941176,,
1744341559,26,35,80,1,,,63.8627451,,,,,,63.8627451,,
1744341559,23,37,80,1,,,63.19607843,,,,,,63.19607843,,
1744341559,22,41,80,1,,,62.52941176,,,,,,62.52941176,,
1744341559,19,34,80,1,,,61.8627451,,,,,,61.8627451,,
1744341559,33,36,77,1,,,61.19607843,,,,,,61.19607843,,
1744341559,28,37,77,1,,,60.58823529,,,,,,60.58823529,,
1744341559,27,38,77,1,,,59.98039216,,,,,,59.98039216,,
1744341559,32,34,77,1,,,59.37254902,,,,,,59.37254902,,
1744341559,25,36,77,1,,,58.76470588,,,,,,58.76470588,,
1744341559,26,37,77,1,,,58.15686275,,,,,,58.15686275,,
1744341560,21,35,77,1,,,57.54901961,,,,,,57.54901961,,
1744341560,22,37,77,1,,,56.94117647,,,,,,56.94117647,,
1744341560,24,34,77,1,,,56.33333333,,,,,,56.33333333,,
1744341560,30,24,77,1,,,55.7254902,,,,,,55.7254902,,
1744341560,35,36,77,1,,,55.11764706,,,,,,55.11764706,,
1744341560,33,32,77,1,,,54.50980392,,,,,,54.50980392,,
1744341560,28,37,77,1,,,53.90196078,,,,,,53.90196078,,
1744341560,25,41,77,1,,,53.29411765,,,,,,53.29411765,,
1744341560,24,39,77,1,,,52.68627451,,,,,,52.68627451,,
1744341560,27,36,77,1,,,52.07843137,,,,,,52.07843137,,
1744341561,24,36,77,1,,,51.47058824,,,,,,51.47058824,,
1744341561,26,30,77,1,,,50.8627451,,,,,,50.8627451,,
1744341561,26,38,77,1,,,50.25490196,,,,,,50.25490196,,
1744341561,26,32,77,1,,,49.64705882,,,,,,49.64705882,,
1744341561,1217,23,77,1,,,49.03921569,,,,,,49.03921569,,
1744341561,2910,31,77,1,,,48.43137255,,,,,,48.43137255,,
1744341561,159,35,77,1,,,47.82352941,,,,,,47.82352941,,
1744341561,159,35,77,1,,,47.21568627,,,,,,47.21568627,,
1744341561,49,35,77,1,,,46.60784314,,,,,,46.60784314,,
1744341564,29,33,46,1,,,46,,,,,,46,,
1744341564,25,35,46,1,,,46,,,,,,46,,
1744341564,27,37,46,1,,,46,,,,,,46,,
1744341564,26,28,46,1,,,46,,,,,,46,,
1744341564,32,33,46,1,,,46,,,,,,46,,
1744341564,28,35,46,1,,,46,,,,,,46,,
1744341565,23,35,46,1,,,46,,,,,,46,,
1744341565,22,36,46,1,,,46,,,,,,46,,
1744341565,8,35,46,1,,,46,,,,,,46,,
1744341565,8,36,46,1,,,46,,,,,,46,,
1744341565,226,38,46,1,,,46,,,,,,46,,
1744341565,2731,39,46,1,,,46,,,,,,46,,
1744341565,745,33,46,1,,,46,,,,,,46,,
1744341565,745,9,46,1,,,46,,,,,,46,,
1744341565,745,9,46,1,,,46,,,,,,46,,
1744341565,726,376,46,1,,,46,,,,,,46,,
1744341566,571,2675,46,1,,,46,,,,,,46,,
1744341566,73,586,46,1,,,46,,,,,,46,,
1744341566,30,586,46,1,,,46,,,,,,46,,
1744341566,20,586,46,1,,,46,,,,,,46,,
1744341566,23,1075,46,1,,,46,,,,,,46,,
1744341566,29,598,46,1,,,46,,,,,,46,,
1744341566,29,41,46,1,,,46,,,,,,46,,
1744341566,30,39,46,1,,,46,,,,,,46,,
1744341566,27,39,46,1,,,46,,,,,,46,,
1744341566,36,27,46,1,,,46,,,,,,46,,
1744341567,24,40,46,1,,,46,,,,,,46,,
1744341567,22,32,46,1,,,46,,,,,,46,,
1744341567,22,35,46,1,,,46,,,,,,46,,
1744341567,24,32,46,1,,,46,,,,,,46,,
1744341567,35,29,46,1,,,46,,,,,,46,,
1744341567,28,35,46,1,,,46,,,,,,46,,
1744341567,34,35,46,1,,,46,,,,,,46,,
1744341567,35,35,46,1,,,46,,,,,,46,,
1744341567,30,35,46,1,,,46,,,,,,46,,
1744341567,26,37,46,1,,,46,,,,,,46,,
1744341568,24,41,46,1,,,46,,,,,,46,,
1744341568,27,35,46,1,,,46,,,,,,46,,
1744341568,22,38,46,1,,,46,,,,,,46,,
1744341568,31,37,46,1,,,46,,,,,,46,,
1744341568,32,33,46,1,,,46,,,,,,46,,
1744341568,29,31,46,1,,,46,,,,,,46,,
1744341568,26,31,46,1,,,46,,,,,,46,,
1744341568,28,32,46,1,,,46,,,,,,46,,
1744341568,28,37,46,1,,,46,,,,,,46,,
1744341568,22,38,46,1,,,46,,,,,,46,,
1744341569,25,35,46,1,,,46,,,,,,46,,
1744341569,28,39,46,1,,,46,,,,,,46,,
1744341569,28,32,46,1,,,46,,,,,,46,,
1744341569,28,36,46,1,,,46,,,,,,46,,
1744341569,1267,25,46,1,,,46.66666667,,,,,,46.66666667,,
1744341569,2934,34,46,1,,,47.33333333,,,,,,47.33333333,,
1744341569,286,35,46,1,,,48,,,,,,48,,
1744341569,286,35,46,1,,,48.66666667,,,,,,48.66666667,,
1744341569,20,35,46,1,,,49.33333333,,,,,,49.33333333,,
1744341569,985,1414,46,1,,,50,,,,,,50,,
1744341570,327,1784,46,1,,,50.66666667,,,,,,50.66666667,,
1744341570,36,149,46,1,,,51.33333333,,,,,,51.33333333,,
1744341570,27,149,46,1,,,52,,,,,,52,,
1744341570,35,94,46,1,,,52.66666667,,,,,,52.66666667,,
1744341570,31,1069,46,1,,,53.33333333,,,,,,53.33333333,,
1744341570,38,302,46,1,,,54,,,,,,54,,
1744341570,37,30,46,1,,,54.66666667,,,,,,54.66666667,,
1744341570,27,36,46,1,,,55.33333333,,,,,,55.33333333,,
1744341570,30,35,46,1,,,56,,,,,,56,,
1744341570,32,36,46,1,,,56.66666667,,,,,,56.66666667,,
1744341571,28,41,46,1,,,57.33333333,,,,,,57.33333333,,
1744341571,20,35,46,1,,,58,,,,,,58,,
1744341571,24,36,46,1,,,58.66666667,,,,,,58.66666667,,
1744341571,29,29,46,1,,,59.33333333,,,,,,59.33333333,,
1744341571,31,36,46,1,,,60,,,,,,60,,
1744341571,28,32,46,1,,,60.66666667,,,,,,60.66666667,,
1744341571,30,34,46,1,,,61.33333333,,,,,,61.33333333,,
1744341571,35,35,46,1,,,62,,,,,,62,,
1744341571,25,39,46,1,,,62.66666667,,,,,,62.66666667,,
1744341571,23,35,46,1,,,63.56862745,,,,,,63.56862745,,
1744341572,33,28,46,1,,,64.47058824,,,,,,64.47058824,,
1744341572,26,36,46,1,,,65.37254902,,,,,,65.37254902,,
1744341572,29,33,46,1,,,66.2745098,,,,,,66.2745098,,
1744341572,28,37,46,1,,,67.17647059,,,,,,67.17647059,,
1744341572,19,32,46,1,,,68.07843137,,,,,,68.07843137,,
1744341572,25,37,46,1,,,68.98039216,,,,,,68.98039216,,
1744341572,30,31,46,1,,,69.88235294,,,,,,69.88235294,,
1744341572,29,32,46,1,,,70.78431373,,,,,,70.78431373,,
1744341572,27,36,46,1,,,71.68627451,,,,,,71.68627451,,
1744341572,30,35,46,1,,,72.58823529,,,,,,72.58823529,,
1744341573,33,36,46,1,,,73.49019608,,,,,,73.49019608,,
1744341573,25,32,46,1,,,74.39215686,,,,,,74.39215686,,
1744341573,25,36,46,1,,,75.29411765,,,,,,75.29411765,,
1744341573,25,33,46,1,,,76.19607843,,,,,,76.19607843,,
1744341573,1685,31,46,1,,,77.09803922,,,,,,77.09803922,,
1744341573,2722,36,46,1,,,78,,,,,,78,,
1744341573,56,37,46,1,,,78.90196078,,,,,,78.90196078,,
1744341573,56,37,46,1,,,79.80392157,,,,,,79.80392157,,
1744341573,199,37,46,1,,,80.70588235,,,,,,80.70588235,,
1744341573,1081,2087,46,1,,,81.60784314,,,,,,81.60784314,,
1744341574,210,1266,46,1,,,82.50980392,,,,,,82.50980392,,
1744341574,43,12,46,1,,,83.41176471,,,,,,83.41176471,,
1744341574,41,12,46,1,,,84.31372549,,,,,,84.31372549,,
1744341574,37,459,46,1,,,85.21568627,,,,,,85.21568627,,
1744341581,24,4,80,1,,,86.01960784,,,,,,86.01960784,,
1744341582,31,4,80,1,,,86.15686275,,,,,,86.15686275,,
1744341582,23,337,80,1,,,86.29411765,,,,,,86.29411765,,
1744341582,27,910,80,1,,,86.43137255,,,,,,86.43137255,,
1744341582,26,197,80,1,,,86.56862745,,,,,,86.56862745,,
1744341582,20,39,80,1,,,86.70588235,,,,,,86.70588235,,
1744341582,24,32,80,1,,,86.84313725,,,,,,86.84313725,,
1744341582,27,36,80,1,,,86.98039216,,,,,,86.98039216,,
1744341582,27,29,80,1,,,87.11764706,,,,,,87.11764706,,
1744341582,36,30,80,1,,,87.25490196,,,,,,87.25490196,,
1744341582,34,28,80,1,,,87.39215686,,,,,,87.39215686,,
1744341583,32,30,80,1,,,87.52941176,,,,,,87.52941176,,
1744341583,31,38,80,1,,,87.66666667,,,,,,87.66666667,,
1744341583,29,39,80,1,,,87.80392157,,,,,,87.80392157,,
1744341583,28,42,80,1,,,87.94117647,,,,,,87.94117647,,
1744341583,23,34,80,1,,,88.07843137,,,,,,88.07843137,,
1744341583,25,25,80,1,,,88.21568627,,,,,,88.21568627,,
1744341583,29,34,80,1,,,88.35294118,,,,,,88.35294118,,
1744341583,33,35,80,1,,,88.49019608,,,,,,88.49019608,,
1744341583,27,27,80,1,,,88.62745098,,,,,,88.62745098,,
1744341583,25,32,80,1,,,88.76470588,,,,,,88.76470588,,
1744341584,29,36,80,1,,,88.90196078,,,,,,88.90196078,,
1744341584,25,37,80,1,,,89.03921569,,,,,,89.03921569,,
1744341584,19,39,80,1,,,89.17647059,,,,,,89.17647059,,
1744341584,28,41,80,1,,,89.31372549,,,,,,89.31372549,,
1744341584,31,34,92,1,,,89.21568627,,,,,,89.21568627,,
1744341584,31,34,92,1,,,88.88235294,,,,,,88.88235294,,
1744341584,29,34,92,1,,,88.54901961,,,,,,88.54901961,,
1744341584,21,37,92,1,,,88.21568627,,,,,,88.21568627,,
1744341584,24,35,92,1,,,87.88235294,,,,,,87.88235294,,
1744341584,23,37,92,1,,,87.54901961,,,,,,87.54901961,,
1744341585,23,34,92,1,,,87.21568627,,,,,,87.21568627,,
1744341585,23,34,92,1,,,86.88235294,,,,,,86.88235294,,
1744341585,1847,35,92,1,,,86.54901961,,,,,,86.54901961,,
1744341585,2787,33,92,1,,,86.21568627,,,,,,86.21568627,,
1744341585,77,31,92,1,,,85.88235294,,,,,,85.88235294,,
1744341585,77,31,92,1,,,85.54901961,,,,,,85.54901961,,
1744341585,147,31,92,1,,,85.21568627,,,,,,85.21568627,,
1744341585,1044,1928,92,1,,,84.88235294,,,,,,84.88235294,,
1744341585,255,1569,92,1,,,84.54901961,,,,,,84.54901961,,
1744341585,33,79,92,1,,,84.21568627,,,,,,84.21568627,,
1744341586,36,79,92,1,,,83.88235294,,,,,,83.88235294,,
1744341586,22,227,92,1,,,83.54901961,,,,,,83.54901961,,
1744341586,20,949,92,1,,,83.21568627,,,,,,83.21568627,,
1744341586,21,210,92,1,,,82.88235294,,,,,,82.88235294,,
1744341586,28,39,92,1,,,82.54901961,,,,,,82.54901961,,
1744341586,23,34,92,1,,,82.21568627,,,,,,82.21568627,,
1744341586,27,28,92,1,,,81.88235294,,,,,,81.88235294,,
1744341586,25,28,92,1,,,81.54901961,,,,,,81.54901961,,
1744341586,38,36,92,1,,,81.21568627,,,,,,81.21568627,,
1744341586,23,34,87,1,,,80.88235294,,,,,,80.88235294,,
1744341587,28,31,87,1,,,80.64705882,,,,,,80.64705882,,
1744341587,24,26,87,1,,,80.41176471,,,,,,80.41176471,,
1744341587,31,35,87,1,,,80.17647059,,,,,,80.17647059,,
1744341587,28,36,87,1,,,79.94117647,,,,,,79.94117647,,
1744341587,30,33,87,1,,,79.70588235,,,,,,79.70588235,,
1744341587,23,39,87,1,,,79.47058824,,,,,,79.47058824,,
1744341587,25,35,87,1,,,79.23529412,,,,,,79.23529412,,
1744341587,29,38,87,1,,,79,,,,,,79,,
1744341587,27,28,87,1,,,78.76470588,,,,,,78.76470588,,
1744341587,29,25,87,1,,,78.52941176,,,,,,78.52941176,,
1744341588,36,41,87,1,,,78.29411765,,,,,,78.29411765,,
1744341588,23,37,87,1,,,78.05882353,,,,,,78.05882353,,
1744341588,23,38,87,1,,,77.82352941,,,,,,77.82352941,,
1744341588,23,41,87,1,,,77.58823529,,,,,,77.58823529,,
1744341588,24,33,87,1,,,77.35294118,,,,,,77.35294118,,
1744341588,23,25,87,1,,,77.11764706,,,,,,77.11764706,,
1744341588,26,35,87,1,,,76.88235294,,,,,,76.88235294,,
1744341588,34,34,87,1,,,76.64705882,,,,,,76.64705882,,
1744341588,33,36,87,1,,,76.41176471,,,,,,76.41176471,,
1744341588,24,36,87,1,,,76.17647059,,,,,,76.17647059,,
1744341589,24,36,87,1,,,75.94117647,,,,,,75.94117647,,
1744341589,24,36,87,1,,,75.70588235,,,,,,75.70588235,,
1744341589,1311,35,87,1,,,75.47058824,,,,,,75.47058824,,
1744341589,2942,35,87,1,,,75.23529412,,,,,,75.23529412,,
1744341589,242,33,75,1,,,74.2745098,,,,,,74.2745098,,
1744341589,242,33,75,1,,,73.54901961,,,,,,73.54901961,,
1744341589,37,33,75,1,,,72.82352941,,,,,,72.82352941,,
1744341589,953,1486,75,1,,,72.09803922,,,,,,72.09803922,,
1744341589,318,1821,75,1,,,71.37254902,,,,,,71.37254902,,
1744341589,33,157,75,1,,,70.64705882,,,,,,70.64705882,,
1744341590,28,157,75,1,,,69.92156863,,,,,,69.92156863,,
1744341590,35,60,75,1,,,69.19607843,,,,,,69.19607843,,
1744341590,30,1056,75,1,,,68.47058824,,,,,,68.47058824,,
1744341590,36,317,75,1,,,67.74509804,,,,,,67.74509804,,
1744341590,33,31,75,1,,,67.01960784,,,,,,67.01960784,,
1744341590,27,34,75,1,,,66.29411765,,,,,,66.29411765,,
1744341590,21,40,75,1,,,65.56862745,,,,,,65.56862745,,
1744341590,22,37,75,1,,,64.84313725,,,,,,64.84313725,,
1744341590,24,30,75,1,,,64.11764706,,,,,,64.11764706,,
1744341590,26,30,75,1,,,63.39215686,,,,,,63.39215686,,
1744341591,32,35,75,1,,,62.66666667,,,,,,62.66666667,,
1744341591,30,34,75,1,,,61.94117647,,,,,,61.94117647,,
1744341591,26,34,75,1,,,61.21568627,,,,,,61.21568627,,
1744341591,30,35,75,1,,,60.49019608,,,,,,60.49019608,,
1744341591,29,35,75,1,,,59.76470588,,,,,,59.76470588,,
1744341591,27,31,75,1,,,59.03921569,,,,,,59.03921569,,
1744341591,27,36,75,1,,,58.31372549,,,,,,58.31372549,,
1744341591,29,36,75,1,,,57.58823529,,,,,,57.58823529,,
1744341591,39,23,75,1,,,56.8627451,,,,,,56.8627451,,
1744341591,37,27,75,1,,,56.96078431,,,,,,56.96078431,,
1744341592,22,29,75,1,,,57.05882353,,,,,,57.05882353,,
1744341592,21,35,75,1,,,57.15686275,,,,,,57.15686275,,
1744341592,36,36,75,1,,,57.25490196,,,,,,57.25490196,,
1744341592,31,30,75,1,,,57.35294118,,,,,,57.35294118,,
1744341592,32,39,75,1,,,57.45098039,,,,,,57.45098039,,
1744341592,28,41,75,1,,,57.54901961,,,,,,57.54901961,,
1744341592,22,37,75,1,,,57.64705882,,,,,,57.64705882,,
1744341592,30,37,75,1,,,57.74509804,,,,,,57.74509804,,
1744341592,32,33,75,1,,,57.84313725,,,,,,57.84313725,,
1744341592,28,34,75,1,,,57.94117647,,,,,,57.94117647,,
1744341593,28,33,75,1,,,58.03921569,,,,,,58.03921569,,
1744341593,28,35,75,1,,,58.1372549,,,,,,58.1372549,,
1744341593,1919,36,75,1,,,58.23529412,,,,,,58.23529412,,
1744341593,2441,36,75,1,,,58.33333333,,,,,,58.33333333,,
1744341593,29,38,75,1,,,58.43137255,,,,,,58.43137255,,
1744341593,29,38,75,1,,,58.52941176,,,,,,58.52941176,,
1744341593,297,38,75,1,,,58.62745098,,,,,,58.62745098,,
1744341593,1011,2203,75,1,,,58.7254902,,,,,,58.7254902,,
1744341593,174,1175,75,1,,,58.82352941,,,,,,58.82352941,,
1744341593,40,1175,75,1,,,58.92156863,,,,,,58.92156863,,
1744341594,32,1175,75,1,,,59.01960784,,,,,,59.01960784,,
1744341594,32,437,75,1,,,59.11764706,,,,,,59.11764706,,
1744341594,28,710,75,1,,,59.21568627,,,,,,59.21568627,,
1744341594,24,122,75,1,,,59.31372549,,,,,,59.31372549,,
1744341596,18,35,38,1,,,59.62745098,,,,,,59.62745098,,
1744341597,18,39,38,1,,,60.66666667,,,,,,60.66666667,,
1744341597,18,38,38,1,,,61.70588235,,,,,,61.70588235,,
1744341597,2650,38,38,1,,,62.74509804,,,,,,62.74509804,,
1744341597,1470,33,38,1,,,63.78431373,,,,,,63.78431373,,
1744341597,1470,33,38,1,,,64.82352941,,,,,,64.82352941,,
1744341597,1470,33,38,1,,,65.8627451,,,,,,65.8627451,,
1744341597,690,491,38,1,,,66.90196078,,,,,,66.90196078,,
1744341597,882,2728,38,1,,,67.94117647,,,,,,67.94117647,,
1744341597,54,540,38,1,,,68.98039216,,,,,,68.98039216,,
1744341598,28,540,38,1,,,70.01960784,,,,,,70.01960784,,
1744341598,30,540,38,1,,,71.05882353,,,,,,71.05882353,,
1744341598,21,670,38,1,,,72.09803922,,,,,,72.09803922,,
1744341598,27,545,38,1,,,73.1372549,,,,,,73.1372549,,
1744341598,22,84,38,1,,,74.17647059,,,,,,74.17647059,,
1744341598,32,28,38,1,,,75.21568627,,,,,,75.21568627,,
1744341598,30,24,38,1,,,76.25490196,,,,,,76.25490196,,
1744341598,29,35,38,1,,,77.29411765,,,,,,77.29411765,,
1744341598,26,32,38,1,,,78.33333333,,,,,,78.33333333,,
1744341598,36,37,38,1,,,79.37254902,,,,,,79.37254902,,
1744341599,18,36,38,1,,,80.41176471,,,,,,80.41176471,,
1744341599,30,36,38,1,,,81.45098039,,,,,,81.45098039,,
1744341599,28,30,38,1,,,82.49019608,,,,,,82.49019608,,
1744341599,33,32,38,1,,,83.52941176,,,,,,83.52941176,,
1744341599,34,34,38,1,,,84.56862745,,,,,,84.56862745,,
1744341599,31,32,80,1,,,85.60784314,,,,,,85.60784314,,
1744341599,33,34,80,1,,,85.82352941,,,,,,85.82352941,,
1744341599,28,36,80,1,,,86.03921569,,,,,,86.03921569,,
1744341599,23,40,80,1,,,86.25490196,,,,,,86.25490196,,
1744341599,25,39,80,1,,,86.47058824,,,,,,86.47058824,,
1744341600,34,37,80,1,,,86.68627451,,,,,,86.68627451,,
1744341600,32,26,80,1,,,86.90196078,,,,,,86.90196078,,
1744341600,32,31,80,1,,,87.11764706,,,,,,87.11764706,,
1744341600,31,33,80,1,,,87.33333333,,,,,,87.33333333,,
1744341600,30,30,80,1,,,87.54901961,,,,,,87.54901961,,
1744341600,20,34,80,1,,,87.76470588,,,,,,87.76470588,,
1744341600,23,37,80,1,,,87.98039216,,,,,,87.98039216,,
1744341600,28,28,80,1,,,88.19607843,,,,,,88.19607843,,
1744341600,26,26,80,1,,,88.41176471,,,,,,88.41176471,,
1744341600,30,28,80,1,,,88.62745098,,,,,,88.62745098,,
1744341601,28,34,80,1,,,88.84313725,,,,,,88.84313725,,
1744341601,28,33,80,1,,,89.05882353,,,,,,89.05882353,,
1744341601,28,40,80,1,,,89.2745098,,,,,,89.2745098,,
1744341601,2711,34,80,1,,,89.49019608,,,,,,89.49019608,,
1744341601,1251,38,80,1,,,89.70588235,,,,,,89.70588235,,
1744341601,1251,38,80,1,,,89.92156863,,,,,,89.92156863,,
1744341601,1251,38,80,1,,,90.1372549,,,,,,90.1372549,,
1744341601,511,158,80,1,,,90.35294118,,,,,,90.35294118,,
1744341601,977,2449,80,1,,,90.56862745,,,,,,90.56862745,,
1744341601,123,843,80,1,,,90.78431373,,,,,,90.78431373,,
1744341602,30,843,91,1,,,90.76470588,,,,,,90.76470588,,
1744341602,36,843,91,1,,,90.52941176,,,,,,90.52941176,,
1744341602,32,456,91,1,,,90.29411765,,,,,,90.29411765,,
1744341602,25,646,91,1,,,90.05882353,,,,,,90.05882353,,
1744341602,28,120,91,1,,,89.82352941,,,,,,89.82352941,,
1744341602,27,36,91,1,,,89.58823529,,,,,,89.58823529,,
1744341602,23,35,91,1,,,89.35294118,,,,,,89.35294118,,
1744341602,20,37,91,1,,,89.11764706,,,,,,89.11764706,,
1744341602,23,30,91,1,,,88.88235294,,,,,,88.88235294,,
1744341602,40,25,91,1,,,88.64705882,,,,,,88.64705882,,
1744341603,32,31,91,1,,,88.41176471,,,,,,88.41176471,,
1744341603,31,33,91,1,,,88.17647059,,,,,,88.17647059,,
1744341603,36,32,91,1,,,87.94117647,,,,,,87.94117647,,
1744341603,28,35,91,1,,,87.70588235,,,,,,87.70588235,,
1744341603,28,39,91,1,,,87.47058824,,,,,,87.47058824,,
1744341603,28,38,91,1,,,87.23529412,,,,,,87.23529412,,
1744341603,33,27,91,1,,,87,,,,,,87,,
1744341603,31,37,91,1,,,86.76470588,,,,,,86.76470588,,
1744341603,25,31,91,1,,,86.52941176,,,,,,86.52941176,,
1744341603,26,38,91,1,,,86.29411765,,,,,,86.29411765,,
1744341604,26,31,91,1,,,86.05882353,,,,,,86.05882353,,
1744341604,29,38,91,1,,,85.82352941,,,,,,85.82352941,,
1744341604,26,38,91,1,,,85.58823529,,,,,,85.58823529,,
1744341604,33,31,91,1,,,85.35294118,,,,,,85.35294118,,
1744341604,27,31,91,1,,,85.11764706,,,,,,85.11764706,,
1744341604,26,38,91,1,,,85.17647059,,,,,,85.17647059,,
1744341604,31,31,91,1,,,85.23529412,,,,,,85.23529412,,
1744341604,33,21,91,1,,,85.29411765,,,,,,85.29411765,,
1744341604,38,29,91,1,,,85.35294118,,,,,,85.35294118,,
1744341604,36,35,91,1,,,85.41176471,,,,,,85.41176471,,
1744341605,27,31,91,1,,,85.47058824,,,,,,85.47058824,,
1744341605,6,37,91,1,,,85.52941176,,,,,,85.52941176,,
1744341605,6,32,91,1,,,85.58823529,,,,,,85.58823529,,
1744341605,491,32,91,1,,,85.64705882,,,,,,85.64705882,,
1744341605,2664,33,91,1,,,85.70588235,,,,,,85.70588235,,
1744341605,498,33,91,1,,,85.76470588,,,,,,85.76470588,,
1744341605,498,33,91,1,,,85.82352941,,,,,,85.82352941,,
1744341605,498,33,91,1,,,85.88235294,,,,,,85.88235294,,
1744341605,806,1077,91,1,,,85.94117647,,,,,,85.94117647,,
1744341605,327,1830,91,1,,,86,,,,,,86,,
1744341606,40,225,91,1,,,86.05882353,,,,,,86.05882353,,
1744341606,30,225,91,1,,,86.11764706,,,,,,86.11764706,,
1744341606,32,85,91,1,,,86.17647059,,,,,,86.17647059,,
1744341606,31,904,91,1,,,86.23529412,,,,,,86.23529412,,
1744341606,42,228,91,1,,,86.29411765,,,,,,86.29411765,,
1744341606,34,28,91,1,,,86.35294118,,,,,,86.35294118,,
1744341606,32,34,91,1,,,86.41176471,,,,,,86.41176471,,
1744341606,29,32,91,1,,,86.47058824,,,,,,86.47058824,,
1744341606,23,33,91,1,,,86.52941176,,,,,,86.52941176,,
1744341606,21,34,91,1,,,86.58823529,,,,,,86.58823529,,
1744341607,34,26,79,1,,,86.7254902,,,,,,86.7254902,,
1744341607,26,33,79,1,,,87.09803922,,,,,,87.09803922,,
1744341607,26,31,79,1,,,87.47058824,,,,,,87.47058824,,
1744341607,34,38,79,1,,,87.84313725,,,,,,87.84313725,,
1744341607,27,30,79,1,,,88.21568627,,,,,,88.21568627,,
1744341607,26,33,79,1,,,88.58823529,,,,,,88.58823529,,
1744341607,21,35,79,1,,,88.96078431,,,,,,88.96078431,,
1744341607,21,38,79,1,,,89.33333333,,,,,,89.33333333,,
1744341607,29,36,79,1,,,89.70588235,,,,,,89.70588235,,
1744341607,27,32,79,1,,,90.07843137,,,,,,90.07843137,,
1744341608,28,34,79,1,,,90.45098039,,,,,,90.45098039,,
1744341608,31,38,79,1,,,90.82352941,,,,,,90.82352941,,
1744341608,30,34,79,1,,,91.19607843,,,,,,91.19607843,,
1744341608,27,28,79,1,,,91.56862745,,,,,,91.56862745,,
1744341608,26,32,79,1,,,91.94117647,,,,,,91.94117647,,
1744341608,26,41,79,1,,,92.31372549,,,,,,92.31372549,,
1744341608,29,33,79,1,,,92.68627451,,,,,,92.68627451,,
1744341608,43,35,79,1,,,93.05882353,,,,,,93.05882353,,
1744341608,33,32,79,1,,,93.43137255,,,,,,93.43137255,,
1744341608,30,37,79,1,,,93.80392157,,,,,,93.80392157,,
1744341609,20,32,79,1,,,94.17647059,,,,,,94.17647059,,
1744341609,20,41,79,1,,,94.54901961,,,,,,94.54901961,,
1744341609,20,33,79,1,,,94.92156863,,,,,,94.92156863,,
1744341609,1952,34,79,1,,,95.29411765,,,,,,95.29411765,,
1744341609,2239,39,79,1,,,95.66666667,,,,,,95.66666667,,
1744341614,27,41,94,1,,,95.96078431,,,,,,95.96078431,,
1744341614,25,29,94,1,,,95.96078431,,,,,,95.96078431,,
1744341614,36,27,94,1,,,95.96078431,,,,,,95.96078431,,
1744341614,33,36,94,1,,,95.96078431,,,,,,95.96078431,,
1744341614,28,33,94,1,,,95.96078431,,,,,,95.96078431,,
1744341615,29,41,94,1,,,95.96078431,,,,,,95.96078431,,
1744341615,19,35,94,1,,,95.96078431,,,,,,95.96078431,,
1744341615,24,29,94,1,,,95.96078431,,,,,,95.96078431,,
1744341615,23,41,94,1,,,95.96078431,,,,,,95.96078431,,
1744341615,33,33,94,1,,,95.96078431,,,,,,95.96078431,,
1744341615,30,35,94,1,,,95.96078431,,,,,,95.96078431,,
1744341615,31,26,94,1,,,95.96078431,,,,,,95.96078431,,
1744341615,31,38,94,1,,,95.96078431,,,,,,95.96078431,,
1744341615,29,38,94,1,,,95.96078431,,,,,,95.96078431,,
1744341615,23,37,94,1,,,95.96078431,,,,,,95.96078431,,
1744341616,24,37,94,1,,,95.96078431,,,,,,95.96078431,,
1744341616,27,32,94,1,,,95.96078431,,,,,,95.96078431,,
1744341616,29,30,94,1,,,95.96078431,,,,,,95.96078431,,
1744341616,29,40,94,1,,,95.96078431,,,,,,95.96078431,,
1744341616,30,36,94,1,,,95.96078431,,,,,,95.96078431,,
1744341616,31,42,94,1,,,95.96078431,,,,,,95.96078431,,
1744341616,25,38,94,1,,,95.96078431,,,,,,95.96078431,,
1744341616,25,33,94,1,,,95.96078431,,,,,,95.96078431,,
1744341616,24,35,94,1,,,95.96078431,,,,,,95.96078431,,
1744341616,32,29,94,1,,,95.96078431,,,,,,95.96078431,,
1744341617,32,38,98,1,,,94.84313725,,,,,,94.84313725,,
1744341617,32,33,98,1,,,93.64705882,,,,,,93.64705882,,
1744341617,32,38,98,1,,,92.45098039,,,,,,92.45098039,,
1744341617,2354,34,98,1,,,91.25490196,,,,,,91.25490196,,
1744341617,1402,30,98,1,,,90.05882353,,,,,,90.05882353,,
1744341617,1402,4,98,1,,,88.8627451,,,,,,88.8627451,,
1744341617,1402,4,98,1,,,87.66666667,,,,,,87.66666667,,
1744341617,635,524,98,1,,,86.47058824,,,,,,86.47058824,,
1744341617,769,2490,98,1,,,85.2745098,,,,,,85.2745098,,
1744341617,42,411,98,1,,,84.07843137,,,,,,84.07843137,,
1744341618,26,411,98,1,,,82.88235294,,,,,,82.88235294,,
1744341618,34,24,98,1,,,81.68627451,,,,,,81.68627451,,
1744341618,23,786,98,1,,,80.49019608,,,,,,80.49019608,,
1744341618,31,255,98,1,,,79.29411765,,,,,,79.29411765,,
1744341618,35,32,98,1,,,78.09803922,,,,,,78.09803922,,
1744341618,32,31,98,1,,,76.90196078,,,,,,76.90196078,,
1744341618,28,38,98,1,,,75.70588235,,,,,,75.70588235,,
1744341618,23,38,98,1,,,74.50980392,,,,,,74.50980392,,
1744341618,25,30,98,1,,,73.31372549,,,,,,73.31372549,,
1744341618,19,32,98,1,,,72.11764706,,,,,,72.11764706,,
1744341619,26,36,98,1,,,70.92156863,,,,,,70.92156863,,
1744341619,34,29,98,1,,,69.7254902,,,,,,69.7254902,,
1744341619,30,38,98,1,,,68.52941176,,,,,,68.52941176,,
1744341619,29,36,98,1,,,67.33333333,,,,,,67.33333333,,
1744341619,36,38,98,1,,,66.1372549,,,,,,66.1372549,,
1744341619,36,28,94,1,,,65.41176471,,,,,,65.41176471,,
1744341619,30,39,94,1,,,64.76470588,,,,,,64.76470588,,
1744341619,30,41,94,1,,,64.11764706,,,,,,64.11764706,,
1744341619,34,40,94,1,,,63.47058824,,,,,,63.47058824,,
1744341619,28,37,94,1,,,62.82352941,,,,,,62.82352941,,
1744341620,23,34,94,1,,,62.17647059,,,,,,62.17647059,,
1744341620,23,37,94,1,,,61.52941176,,,,,,61.52941176,,
1744341620,33,35,94,1,,,60.88235294,,,,,,60.88235294,,
1744341620,37,30,94,1,,,60.23529412,,,,,,60.23529412,,
1744341620,37,29,94,1,,,59.58823529,,,,,,59.58823529,,
1744341620,35,31,94,1,,,58.94117647,,,,,,58.94117647,,
1744341620,28,37,94,1,,,58.29411765,,,,,,58.29411765,,
1744341620,26,35,94,1,,,57.64705882,,,,,,57.64705882,,
1744341620,20,39,94,1,,,57,,,,,,57,,
1744341620,19,37,94,1,,,56.35294118,,,,,,56.35294118,,
1744341621,19,30,94,1,,,55.70588235,,,,,,55.70588235,,
1744341621,19,34,94,1,,,55.05882353,,,,,,55.05882353,,
1744341621,1924,27,94,1,,,54.41176471,,,,,,54.41176471,,
1744341621,977,30,94,1,,,53.76470588,,,,,,53.76470588,,
1744341621,977,23,94,1,,,53.11764706,,,,,,53.11764706,,
1744341621,977,23,94,1,,,52.47058824,,,,,,52.47058824,,
1744341621,351,23,94,1,,,51.82352941,,,,,,51.82352941,,
1744341621,656,2535,94,1,,,51.17647059,,,,,,51.17647059,,
1744341621,153,928,94,1,,,50.52941176,,,,,,50.52941176,,
1744341621,26,928,94,1,,,49.88235294,,,,,,49.88235294,,
1744341622,31,928,37,1,,,49.43137255,,,,,,49.43137255,,
1744341622,30,733,37,1,,,50.09803922,,,,,,50.09803922,,
1744341622,32,651,37,1,,,50.76470588,,,,,,50.76470588,,
1744341622,28,51,37,1,,,51.43137255,,,,,,51.43137255,,
1744341622,23,35,37,1,,,52.09803922,,,,,,52.09803922,,
1744341622,26,36,37,1,,,52.76470588,,,,,,52.76470588,,
1744341622,30,27,37,1,,,53.43137255,,,,,,53.43137255,,
1744341622,34,34,37,1,,,54.09803922,,,,,,54.09803922,,
1744341622,31,38,37,1,,,54.76470588,,,,,,54.76470588,,
1744341622,31,36,37,1,,,55.43137255,,,,,,55.43137255,,
1744341623,27,39,37,1,,,56.09803922,,,,,,56.09803922,,
1744341623,18,43,37,1,,,56.76470588,,,,,,56.76470588,,
1744341623,31,35,37,1,,,57.43137255,,,,,,57.43137255,,
1744341623,27,34,37,1,,,58.09803922,,,,,,58.09803922,,
1744341623,28,35,37,1,,,58.76470588,,,,,,58.76470588,,
1744341623,30,32,37,1,,,59.43137255,,,,,,59.43137255,,
1744341623,33,33,37,1,,,60.09803922,,,,,,60.09803922,,
1744341623,24,39,37,1,,,60.76470588,,,,,,60.76470588,,
1744341623,17,34,37,1,,,61.43137255,,,,,,61.43137255,,
1744341623,16,33,37,1,,,62.09803922,,,,,,62.09803922,,
1744341624,26,40,37,1,,,62.76470588,,,,,,62.76470588,,
1744341624,33,24,37,1,,,63.43137255,,,,,,63.43137255,,
1744341624,34,37,37,1,,,64.09803922,,,,,,64.09803922,,
1744341624,34,32,37,1,,,64.76470588,,,,,,64.76470588,,
1744341624,25,35,37,1,,,65.43137255,,,,,,65.43137255,,
1744341624,27,39,61,1,,,65.90196078,,,,,,65.90196078,,
1744341624,31,40,61,1,,,65.90196078,,,,,,65.90196078,,
1744341624,24,35,61,1,,,65.90196078,,,,,,65.90196078,,
1744341624,25,29,61,1,,,65.90196078,,,,,,65.90196078,,
1744341624,23,28,61,1,,,65.90196078,,,,,,65.90196078,,
1744341625,23,27,61,1,,,65.90196078,,,,,,65.90196078,,
1744341625,23,34,61,1,,,65.90196078,,,,,,65.90196078,,
1744341625,1889,36,61,1,,,65.90196078,,,,,,65.90196078,,
1744341625,1011,37,61,1,,,65.90196078,,,,,,65.90196078,,
1744341625,2,27,61,1,,,65.90196078,,,,,,65.90196078,,
1744341625,2,27,61,1,,,65.90196078,,,,,,65.90196078,,
1744341625,300,27,61,1,,,65.90196078,,,,,,65.90196078,,
1744341625,630,2454,61,1,,,65.90196078,,,,,,65.90196078,,
1744341625,127,868,61,1,,,65.90196078,,,,,,65.90196078,,
1744341625,27,868,61,1,,,65.90196078,,,,,,65.90196078,,
1744341626,33,868,61,1,,,65.90196078,,,,,,65.90196078,,
1744341626,25,749,61,1,,,65.90196078,,,,,,65.90196078,,
1744341626,22,527,61,1,,,65.90196078,,,,,,65.90196078,,
1744341626,30,37,61,1,,,65.90196078,,,,,,65.90196078,,
1744341626,25,35,61,1,,,65.90196078,,,,,,65.90196078,,
1744341626,41,25,61,1,,,65.90196078,,,,,,65.90196078,,
1744341626,31,30,61,1,,,65.90196078,,,,,,65.90196078,,
1744341626,33,31,61,1,,,65.90196078,,,,,,65.90196078,,
1744341626,34,41,61,1,,,65.90196078,,,,,,65.90196078,,
1744341626,23,38,61,1,,,65.90196078,,,,,,65.90196078,,
1744341627,28,37,71,1,,,65.90196078,,,,,,65.90196078,,
1744341627,25,39,71,1,,,65.70588235,,,,,,65.70588235,,
1744341627,20,33,71,1,,,65.50980392,,,,,,65.50980392,,
1744341627,25,37,71,1,,,65.31372549,,,,,,65.31372549,,
1744341627,26,30,71,1,,,65.11764706,,,,,,65.11764706,,
1744341627,33,31,71,1,,,64.92156863,,,,,,64.92156863,,
1744341627,28,36,71,1,,,64.7254902,,,,,,64.7254902,,
1744341627,30,32,71,1,,,64.52941176,,,,,,64.52941176,,
1744341627,22,40,71,1,,,64.33333333,,,,,,64.33333333,,
1744341627,26,36,71,1,,,64.1372549,,,,,,64.1372549,,
1744341628,19,39,71,1,,,63.94117647,,,,,,63.94117647,,
1744341628,26,33,71,1,,,63.74509804,,,,,,63.74509804,,
1744341628,31,25,71,1,,,63.54901961,,,,,,63.54901961,,
1744341628,29,31,71,1,,,63.35294118,,,,,,63.35294118,,
1744341628,36,40,71,1,,,63.15686275,,,,,,63.15686275,,
1744341628,28,35,71,1,,,62.96078431,,,,,,62.96078431,,
1744341628,23,33,71,1,,,62.76470588,,,,,,62.76470588,,
1744341628,25,36,71,1,,,62.56862745,,,,,,62.56862745,,
1744341628,24,24,71,1,,,62.37254902,,,,,,62.37254902,,
1744341628,24,31,71,1,,,62.17647059,,,,,,62.17647059,,
1744341629,24,32,71,1,,,61.98039216,,,,,,61.98039216,,
1744341629,1684,33,71,1,,,61.78431373,,,,,,61.78431373,,
1744341629,2058,37,71,1,,,61.58823529,,,,,,61.58823529,,
1744341629,7,24,71,1,,,61.39215686,,,,,,61.39215686,,
1744341629,7,24,71,1,,,61.19607843,,,,,,61.19607843,,
1744341629,335,19,61,1,,,61.25490196,,,,,,61.25490196,,
1744341629,805,1968,61,1,,,61.50980392,,,,,,61.50980392,,
1744341629,140,993,61,1,,,61.76470588,,,,,,61.76470588,,
1744341629,24,9,61,1,,,62.01960784,,,,,,62.01960784,,
1744341629,24,9,61,1,,,62.2745098,,,,,,62.2745098,,
1744341630,24,291,61,1,,,62.52941176,,,,,,62.52941176,,
1744341630,25,608,61,1,,,62.78431373,,,,,,62.78431373,,
1744341630,29,127,61,1,,,63.03921569,,,,,,63.03921569,,
1744341630,23,36,61,1,,,63.29411765,,,,,,63.29411765,,
1744341630,19,36,61,1,,,63.54901961,,,,,,63.54901961,,
1744341630,26,32,61,1,,,63.80392157,,,,,,63.80392157,,
1744341630,26,32,61,1,,,64.05882353,,,,,,64.05882353,,
1744341630,31,38,61,1,,,64.31372549,,,,,,64.31372549,,
1744341630,34,33,61,1,,,64.56862745,,,,,,64.56862745,,
1744341630,33,32,61,1,,,64.82352941,,,,,,64.82352941,,
1744341631,20,39,61,1,,,65.07843137,,,,,,65.07843137,,
1744341631,23,35,61,1,,,65.33333333,,,,,,65.33333333,,
1744341631,31,32,61,1,,,65.58823529,,,,,,65.58823529,,
1744341631,36,30,61,1,,,65.84313725,,,,,,65.84313725,,
1744341631,32,36,61,1,,,66.09803922,,,,,,66.09803922,,
1744341631,35,35,61,1,,,66.35294118,,,,,,66.35294118,,
1744341631,29,38,61,1,,,66.60784314,,,,,,66.60784314,,
1744341631,24,36,61,1,,,66.8627451,,,,,,66.8627451,,
1744341631,33,30,61,1,,,67.11764706,,,,,,67.11764706,,
1744341631,35,31,61,1,,,67.37254902,,,,,,67.37254902,,
1744341632,38,31,61,1,,,67.62745098,,,,,,67.62745098,,
1744341632,31,34,61,1,,,67.88235294,,,,,,67.88235294,,
1744341632,35,35,61,1,,,68.1372549,,,,,,68.1372549,,
1744341632,30,35,61,1,,,68.39215686,,,,,,68.39215686,,
1744341632,25,36,61,1,,,68.64705882,,,,,,68.64705882,,
1744341632,22,33,61,1,,,68.90196078,,,,,,68.90196078,,
1744341632,21,36,61,1,,,69.15686275,,,,,,69.15686275,,
1744341632,24,30,61,1,,,69.41176471,,,,,,69.41176471,,
1744341632,15,31,61,1,,,69.66666667,,,,,,69.66666667,,
1744341632,15,26,61,1,,,69.92156863,,,,,,69.92156863,,
1744341633,17,41,61,1,,,70.17647059,,,,,,70.17647059,,
1744341633,2289,34,61,1,,,70.43137255,,,,,,70.43137255,,
1744341633,626,34,61,1,,,70.68627451,,,,,,70.68627451,,
1744341633,626,34,61,1,,,70.94117647,,,,,,70.94117647,,
1744341633,626,34,61,1,,,71.19607843,,,,,,71.19607843,,
1744341633,759,1656,61,1,,,71.45098039,,,,,,71.45098039,,
1744341633,375,1962,61,1,,,71.70588235,,,,,,71.70588235,,
1744341633,26,11,61,1,,,71.96078431,,,,,,71.96078431,,
1744341633,20,11,61,1,,,72.21568627,,,,,,72.21568627,,
1744341633,24,256,61,1,,,72.47058824,,,,,,72.47058824,,
1744341634,20,777,61,1,,,72.7254902,,,,,,72.7254902,,
1744341634,20,116,61,1,,,72.98039216,,,,,,72.98039216,,
1744341634,16,37,61,1,,,73.23529412,,,,,,73.23529412,,
1744341634,22,40,61,1,,,73.49019608,,,,,,73.49019608,,
1744341634,27,26,61,1,,,73.74509804,,,,,,73.74509804,,
1744341642,19,253,74,1,,,73.29411765,,,,,,73.29411765,,
1744341642,33,27,74,1,,,72.58823529,,,,,,72.58823529,,
1744341642,29,32,74,1,,,71.88235294,,,,,,71.88235294,,
1744341642,36,31,74,1,,,71.17647059,,,,,,71.17647059,,
1744341642,36,34,74,1,,,70.47058824,,,,,,70.47058824,,
1744341642,25,36,74,1,,,69.76470588,,,,,,69.76470588,,
1744341642,23,36,74,1,,,69.05882353,,,,,,69.05882353,,
1744341642,22,35,74,1,,,68.35294118,,,,,,68.35294118,,
1744341642,27,32,74,1,,,67.64705882,,,,,,67.64705882,,
1744341642,30,32,74,1,,,66.94117647,,,,,,66.94117647,,
1744341643,24,32,74,1,,,66.23529412,,,,,,66.23529412,,
1744341643,27,37,74,1,,,65.52941176,,,,,,65.52941176,,
1744341643,27,36,74,1,,,64.82352941,,,,,,64.82352941,,
1744341643,22,29,74,1,,,64.11764706,,,,,,64.11764706,,
1744341643,26,35,74,1,,,63.41176471,,,,,,63.41176471,,
1744341643,35,30,74,1,,,62.70588235,,,,,,62.70588235,,
1744341643,31,34,74,1,,,62,,,,,,62,,
1744341643,30,36,74,1,,,61.29411765,,,,,,61.29411765,,
1744341643,20,32,74,1,,,60.58823529,,,,,,60.58823529,,
1744341643,16,35,74,1,,,59.88235294,,,,,,59.88235294,,
1744341644,30,37,74,1,,,59.17647059,,,,,,59.17647059,,
1744341644,27,32,74,1,,,58.47058824,,,,,,58.47058824,,
1744341644,27,32,74,1,,,57.76470588,,,,,,57.76470588,,
1744341644,31,32,74,1,,,57.05882353,,,,,,57.05882353,,
1744341644,29,38,74,1,,,56.35294118,,,,,,56.35294118,,
1744341644,22,40,74,1,,,55.64705882,,,,,,55.64705882,,
1744341644,26,37,74,1,,,54.94117647,,,,,,54.94117647,,
1744341644,26,24,74,1,,,54.23529412,,,,,,54.23529412,,
1744341644,26,38,74,1,,,53.52941176,,,,,,53.52941176,,
1744341644,2169,42,74,1,,,52.82352941,,,,,,52.82352941,,
1744341645,1095,32,74,1,,,52.11764706,,,,,,52.11764706,,
1744341645,1095,32,74,1,,,51.41176471,,,,,,51.41176471,,
1744341645,1095,32,74,1,,,50.70588235,,,,,,50.70588235,,
1744341645,554,547,74,1,,,50,,,,,,50,,
1744341645,595,2208,74,1,,,49.29411765,,,,,,49.29411765,,
1744341645,40,339,74,1,,,48.58823529,,,,,,48.58823529,,
1744341645,20,339,74,1,,,47.88235294,,,,,,47.88235294,,
1744341645,23,15,74,1,,,47.17647059,,,,,,47.17647059,,
1744341645,25,633,74,1,,,46.47058824,,,,,,46.47058824,,
1744341645,32,259,74,1,,,45.76470588,,,,,,45.76470588,,
1744341646,20,41,74,1,,,45.05882353,,,,,,45.05882353,,
1744341646,28,32,74,1,,,44.35294118,,,,,,44.35294118,,
1744341646,26,31,74,1,,,43.64705882,,,,,,43.64705882,,
1744341646,37,34,74,1,,,42.94117647,,,,,,42.94117647,,
1744341646,35,33,74,1,,,42.23529412,,,,,,42.23529412,,
1744341646,24,41,74,1,,,41.52941176,,,,,,41.52941176,,
1744341646,26,44,74,1,,,40.82352941,,,,,,40.82352941,,
1744341646,22,39,74,1,,,40.11764706,,,,,,40.11764706,,
1744341646,30,33,74,1,,,39.41176471,,,,,,39.41176471,,
1744341646,27,29,74,1,,,38.70588235,,,,,,38.70588235,,
1744341647,30,35,38,1,,,37.70588235,,,,,,37.70588235,,
1744341647,25,43,38,1,,,37.41176471,,,,,,37.41176471,,
1744341647,27,35,38,1,,,37.11764706,,,,,,37.11764706,,
1744341647,31,35,38,1,,,36.82352941,,,,,,36.82352941,,
1744341647,32,32,38,1,,,36.52941176,,,,,,36.52941176,,
1744341647,30,40,38,1,,,36.23529412,,,,,,36.23529412,,
1744341647,22,32,38,1,,,35.94117647,,,,,,35.94117647,,
1744341647,25,36,38,1,,,35.64705882,,,,,,35.64705882,,
1744341647,31,27,38,1,,,35.35294118,,,,,,35.35294118,,
1744341647,36,32,38,1,,,35.05882353,,,,,,35.05882353,,
1744341648,31,35,38,1,,,34.76470588,,,,,,34.76470588,,
1744341648,28,29,38,1,,,34.47058824,,,,,,34.47058824,,
1744341648,25,35,38,1,,,34.17647059,,,,,,34.17647059,,
1744341648,31,37,38,1,,,33.88235294,,,,,,33.88235294,,
1744341648,24,40,38,1,,,33.58823529,,,,,,33.58823529,,
1744341648,27,45,38,1,,,33.29411765,,,,,,33.29411765,,
1744341648,27,33,38,1,,,33,,,,,,33,,
1744341648,27,29,38,1,,,32.70588235,,,,,,32.70588235,,
1744341648,1634,31,38,1,,,32.41176471,,,,,,32.41176471,,
1744341648,1058,26,38,1,,,32.11764706,,,,,,32.11764706,,
1744341649,3,15,38,1,,,31.82352941,,,,,,31.82352941,,
1744341649,3,15,38,1,,,31.52941176,,,,,,31.52941176,,
1744341649,352,28,38,1,,,31.23529412,,,,,,31.23529412,,
1744341649,547,2459,38,1,,,30.94117647,,,,,,30.94117647,,
1744341649,104,775,38,1,,,30.64705882,,,,,,30.64705882,,RELEASE CUFF
1744341649,37,775,38,1,,,31.33333333,,,,,,31.33333333,,
1744341649,27,775,38,1,,,32.01960784,,,,,,32.01960784,,
1744341649,33,883,38,1,,,32.70588235,,,,,,32.70588235,,
1744341649,34,525,38,1,,,33.39215686,,,,,,33.39215686,,
1744341649,30,34,38,1,,,34.07843137,,,,,,34.07843137,,
1744341650,28,34,38,1,,,34.76470588,,,,,,34.76470588,,
1744341650,26,36,38,1,,,35.45098039,,,,,,35.45098039,,
1744341650,26,38,38,1,,,36.1372549,,,,,,36.1372549,,
1744341650,28,34,38,1,,,36.82352941,,,,,,36.82352941,,
1744341650,22,29,38,1,,,37.50980392,,,,,,37.50980392,,
1744341650,36,35,38,1,,,38.19607843,,,,,,38.19607843,,
1744341650,31,36,38,1,,,38.88235294,,,,,,38.88235294,,
1744341650,29,37,38,1,,,39.56862745,,,,,,39.56862745,,
1744341650,26,34,38,1,,,40.25490196,,,,,,40.25490196,,
1744341650,29,37,38,1,,,40.94117647,,,,,,40.94117647,,
1744341651,22,40,38,1,,,41.62745098,,,,,,41.62745098,,
1744341651,21,38,38,1,,,42.31372549,,,,,,42.31372549,,
1744341651,22,35,38,1,,,43,,,,,,43,,
1744341651,26,35,38,1,,,43.68627451,,,,,,43.68627451,,
1744341651,27,28,38,1,,,44.37254902,,,,,,44.37254902,,
1744341651,33,33,38,1,,,45.05882353,,,,,,45.05882353,,
1744341651,25,39,38,1,,,45.74509804,,,,,,45.74509804,,
1744341651,25,37,38,1,,,46.43137255,,,,,,46.43137255,,
1744341651,29,27,38,1,,,47.11764706,,,,,,47.11764706,,
1744341652,28,27,38,1,,,47.80392157,,,,,,47.80392157,,
1744341652,27,37,23,1,,,48.25490196,,,,,,48.25490196,,
1744341652,30,37,23,1,,,49,,,,,,49,,
1744341652,22,41,23,1,,,49.74509804,,,,,,49.74509804,,
1744341652,26,32,23,1,,,50.49019608,,,,,,50.49019608,,
1744341652,33,33,23,1,,,51.23529412,,,,,,51.23529412,,
1744341652,33,33,23,1,,,51.98039216,,,,,,51.98039216,,
1744341652,33,38,23,1,,,52.7254902,,,,,,52.7254902,,
1744341652,2257,37,23,1,,,53.47058824,,,,,,53.47058824,,
1744341652,2404,35,23,1,,,54.21568627,,,,,,54.21568627,,
1744341652,28,31,23,1,,,54.96078431,,,,,,54.96078431,,
1744341653,28,31,23,1,,,55.70588235,,,,,,55.70588235,,
1744341653,188,31,23,1,,,56.45098039,,,,,,56.45098039,,
1744341653,1027,1953,23,1,,,57.19607843,,,,,,57.19607843,,
1744341653,274,1538,23,1,,,57.94117647,,,,,,57.94117647,,
1744341653,33,94,23,1,,,58.68627451,,,,,,58.68627451,,
1744341653,29,94,23,1,,,59.43137255,,,,,,59.43137255,,
1744341653,31,122,23,1,,,60.17647059,,,,,,60.17647059,,
1744341653,32,1023,23,1,,,60.92156863,,,,,,60.92156863,,
1744341653,31,275,23,1,,,61.66666667,,,,,,61.66666667,,
1744341654,27,40,23,1,,,62.41176471,,,,,,62.41176471,,
1744341654,31,34,23,1,,,63.15686275,,,,,,63.15686275,,
1744341654,21,39,23,1,,,63.90196078,,,,,,63.90196078,,
1744341654,23,31,23,1,,,64.64705882,,,,,,64.64705882,,
1744341654,37,31,23,1,,,65.39215686,,,,,,65.39215686,,
1744341654,36,36,23,1,,,66.1372549,,,,,,66.1372549,,
1744341657,127,33,73,1,,,66.35294118,,,,,,66.35294118,,
1744341657,175,33,73,1,,,65.58823529,,,,,,65.58823529,,
1744341657,1064,2004,73,1,,,64.82352941,,,,,,64.82352941,,
1744341657,248,1382,73,1,,,64.05882353,,,,,,64.05882353,,
1744341657,39,34,73,1,,,63.29411765,,,,,,63.29411765,,
1744341657,24,34,73,1,,,62.52941176,,,,,,62.52941176,,
1744341657,27,231,73,1,,,61.76470588,,,,,,61.76470588,,
1744341657,31,946,73,1,,,61,,,,,,61,,
1744341657,31,203,73,1,,,60.23529412,,,,,,60.23529412,,
1744341658,35,35,73,1,,,59.47058824,,,,,,59.47058824,,
1744341658,29,36,73,1,,,58.70588235,,,,,,58.70588235,,
1744341658,27,34,73,1,,,57.94117647,,,,,,57.94117647,,
1744341658,24,34,73,1,,,57.17647059,,,,,,57.17647059,,
1744341658,24,40,73,1,,,56.41176471,,,,,,56.41176471,,
1744341658,33,28,73,1,,,55.64705882,,,,,,55.64705882,,
1744341658,34,33,73,1,,,54.88235294,,,,,,54.88235294,,
1744341658,27,36,73,1,,,54.11764706,,,,,,54.11764706,,
1744341658,33,37,73,1,,,53.35294118,,,,,,53.35294118,,
1744341658,21,37,73,1,,,52.58823529,,,,,,52.58823529,,
1744341659,28,35,73,1,,,51.82352941,,,,,,51.82352941,,
1744341659,23,36,73,1,,,51.05882353,,,,,,51.05882353,,
1744341659,38,34,73,1,,,50.29411765,,,,,,50.29411765,,
1744341659,36,37,73,1,,,49.52941176,,,,,,49.52941176,,
1744341659,27,38,73,1,,,48.76470588,,,,,,48.76470588,,
1744341659,24,36,73,1,,,48,,,,,,48,,
1744341659,29,34,61,1,,,48.1372549,,,,,,48.1372549,,
1744341659,28,32,61,1,,,48.50980392,,,,,,48.50980392,,
1744341659,25,32,61,1,,,48.88235294,,,,,,48.88235294,,
1744341659,22,33,61,1,,,49.25490196,,,,,,49.25490196,,
1744341660,22,34,61,1,,,49.62745098,,,,,,49.62745098,,
1744341660,21,34,61,1,,,50,,,,,,50,,
1744341660,31,32,61,1,,,50.37254902,,,,,,50.37254902,,
1744341660,29,36,61,1,,,50.74509804,,,,,,50.74509804,,
1744341660,28,39,61,1,,,51.11764706,,,,,,51.11764706,,
1744341660,18,37,61,1,,,51.49019608,,,,,,51.49019608,,
1744341660,18,41,61,1,,,51.8627451,,,,,,51.8627451,,
1744341660,18,33,61,1,,,52.23529412,,,,,,52.23529412,,
1744341660,2653,30,61,1,,,52.60784314,,,,,,52.60784314,,
1744341660,1721,34,61,1,,,52.98039216,,,,,,52.98039216,,
1744341661,1721,5,61,1,,,53.35294118,,,,,,53.35294118,,
1744341661,1721,5,61,1,,,53.7254902,,,,,,53.7254902,,
1744341661,746,318,61,1,,,54.09803922,,,,,,54.09803922,,
1744341661,1069,2740,61,1,,,54.47058824,,,,,,54.47058824,,
1744341661,79,636,61,1,,,54.84313725,,,,,,54.84313725,,
1744341661,30,636,61,1,,,55.21568627,,,,,,55.21568627,,
1744341661,19,636,61,1,,,55.58823529,,,,,,55.58823529,,
1744341661,28,728,61,1,,,55.96078431,,,,,,55.96078431,,
1744341661,14,682,61,1,,,56.33333333,,,,,,56.33333333,,
1744341661,24,106,61,1,,,56.70588235,,,,,,56.70588235,,
1744341662,18,35,61,1,,,57.07843137,,,,,,57.07843137,,
1744341667,42,27,34,1,,,57.45098039,,,,,,57.45098039,,
1744341667,38,28,34,1,,,58.35294118,,,,,,58.35294118,,
1744341667,30,32,34,1,,,59.25490196,,,,,,59.25490196,,
1744341667,36,34,34,1,,,60.15686275,,,,,,60.15686275,,
1744341667,35,32,34,1,,,61.05882353,,,,,,61.05882353,,
1744341667,25,39,34,1,,,61.96078431,,,,,,61.96078431,,
1744341667,28,33,34,1,,,62.8627451,,,,,,62.8627451,,
1744341667,27,38,34,1,,,63.76470588,,,,,,63.76470588,,
1744341667,25,37,34,1,,,64.66666667,,,,,,64.66666667,,
1744341668,29,35,34,1,,,65.56862745,,,,,,65.56862745,,
1744341668,28,28,34,1,,,66.47058824,,,,,,66.47058824,,
1744341668,33,28,34,1,,,67.37254902,,,,,,67.37254902,,
1744341668,32,33,34,1,,,68.2745098,,,,,,68.2745098,,
1744341668,32,32,34,1,,,69.17647059,,,,,,69.17647059,,
1744341668,32,36,34,1,,,70.07843137,,,,,,70.07843137,,
1744341668,2820,33,34,1,,,70.98039216,,,,,,70.98039216,,
1744341668,1126,37,34,1,,,71.88235294,,,,,,71.88235294,,
1744341668,1126,37,34,1,,,72.78431373,,,,,,72.78431373,,
1744341668,1126,37,34,1,,,73.68627451,,,,,,73.68627451,,
1744341669,1146,1488,34,1,,,74.58823529,,,,,,74.58823529,,
1744341669,772,2748,34,1,,,75.49019608,,,,,,75.49019608,,
1744341669,33,117,34,1,,,76.39215686,,,,,,76.39215686,,
1744341669,35,117,34,1,,,77.29411765,,,,,,77.29411765,,
1744341669,27,207,34,1,,,78.19607843,,,,,,78.19607843,,
1744341669,22,1253,34,1,,,79.09803922,,,,,,79.09803922,,
1744341669,28,238,80,1,,,79.94117647,,,,,,79.94117647,,
1744341669,24,36,80,1,,,79.88235294,,,,,,79.88235294,,
1744341669,26,40,80,1,,,79.82352941,,,,,,79.82352941,,
1744341669,29,30,80,1,,,79.76470588,,,,,,79.76470588,,
1744341670,38,34,80,1,,,79.70588235,,,,,,79.70588235,,
1744341670,23,33,80,1,,,79.64705882,,,,,,79.64705882,,
1744341670,24,38,80,1,,,79.58823529,,,,,,79.58823529,,
1744341670,29,34,80,1,,,79.52941176,,,,,,79.52941176,,
1744341670,21,40,80,1,,,79.47058824,,,,,,79.47058824,,
1744341670,28,31,80,1,,,79.41176471,,,,,,79.41176471,,
1744341670,30,36,80,1,,,79.35294118,,,,,,79.35294118,,
1744341670,30,40,80,1,,,79.29411765,,,,,,79.29411765,,
1744341670,27,38,80,1,,,79.23529412,,,,,,79.23529412,,
1744341670,25,35,80,1,,,79.17647059,,,,,,79.17647059,,
1744341671,29,38,80,1,,,79.11764706,,,,,,79.11764706,,
1744341671,28,29,80,1,,,79.05882353,,,,,,79.05882353,,
1744341671,35,33,80,1,,,79,,,,,,79,,
1744341671,27,32,80,1,,,78.94117647,,,,,,78.94117647,,
1744341671,30,36,80,1,,,78.88235294,,,,,,78.88235294,,
1744341671,28,37,80,1,,,78.82352941,,,,,,78.82352941,,
1744341671,25,34,80,1,,,78.76470588,,,,,,78.76470588,,
1744341671,22,32,80,1,,,78.70588235,,,,,,78.70588235,,
1744341671,22,35,80,1,,,78.64705882,,,,,,78.64705882,,
1744341671,29,33,80,1,,,78.58823529,,,,,,78.58823529,,
1744341672,30,29,80,1,,,78.52941176,,,,,,78.52941176,,
1744341672,31,25,80,1,,,78.43137255,,,,,,78.43137255,,
1744341672,31,39,80,1,,,78.33333333,,,,,,78.33333333,,
1744341672,31,37,80,1,,,78.23529412,,,,,,78.23529412,,
1744341672,798,28,80,1,,,78.1372549,,,,,,78.1372549,,
1744341672,2855,36,80,1,,,78.03921569,,,,,,78.03921569,,
1744341672,379,31,80,1,,,77.94117647,,,,,,77.94117647,,
1744341672,379,31,80,1,,,77.84313725,,,,,,77.84313725,,
1744341672,379,31,80,1,,,77.74509804,,,,,,77.74509804,,
1744341672,1016,853,80,1,,,77.64705882,,,,,,77.64705882,,
1744341673,488,2127,80,1,,,77.54901961,,,,,,77.54901961,,
1744341673,43,293,80,1,,,77.45098039,,,,,,77.45098039,,
1744341673,34,293,80,1,,,77.35294118,,,,,,77.35294118,,
1744341673,27,114,80,1,,,77.25490196,,,,,,77.25490196,,
1744341673,29,1200,80,1,,,77.15686275,,,,,,77.15686275,,
1744341673,30,296,80,1,,,77.05882353,,,,,,77.05882353,,
1744341673,25,35,80,1,,,76.96078431,,,,,,76.96078431,,
1744341673,27,38,80,1,,,76.8627451,,,,,,76.8627451,,
1744341673,28,31,80,1,,,76.76470588,,,,,,76.76470588,,
1744341673,24,29,80,1,,,76.66666667,,,,,,76.66666667,,
1744341674,35,29,80,1,,,76.56862745,,,,,,76.56862745,,
1744341674,32,30,80,1,,,76.47058824,,,,,,76.47058824,,
1744341674,33,38,80,1,,,76.37254902,,,,,,76.37254902,,
1744341674,31,33,80,1,,,76.2745098,,,,,,76.2745098,,
1744341674,29,37,80,1,,,76.17647059,,,,,,76.17647059,,
1744341674,25,34,80,1,,,76.07843137,,,,,,76.07843137,,
1744341674,31,36,77,1,,,75.98039216,,,,,,75.98039216,,
1744341674,24,33,77,1,,,75.94117647,,,,,,75.94117647,,
1744341674,35,29,77,1,,,75.90196078,,,,,,75.90196078,,
1744341674,31,32,77,1,,,75.8627451,,,,,,75.8627451,,
1744341675,33,32,77,1,,,75.82352941,,,,,,75.82352941,,
1744341675,26,35,77,1,,,75.78431373,,,,,,75.78431373,,
1744341675,27,35,77,1,,,75.74509804,,,,,,75.74509804,,
1744341675,24,36,77,1,,,75.70588235,,,,,,75.70588235,,
1744341675,23,37,77,1,,,75.66666667,,,,,,75.66666667,,
1744341675,31,34,77,1,,,75.62745098,,,,,,75.62745098,,
1744341675,33,33,77,1,,,75.58823529,,,,,,75.58823529,,
1744341675,28,37,77,1,,,75.54901961,,,,,,75.54901961,,
1744341675,36,32,77,1,,,75.50980392,,,,,,75.50980392,,
1744341675,23,37,77,1,,,75.47058824,,,,,,75.47058824,,
1744341676,27,37,77,1,,,75.43137255,,,,,,75.43137255,,
1744341676,17,36,77,1,,,75.39215686,,,,,,75.39215686,,
1744341676,17,36,77,1,,,75.35294118,,,,,,75.35294118,,
1744341676,80,29,77,1,,,75.31372549,,,,,,75.31372549,,
1744341676,2859,26,77,1,,,75.2745098,,,,,,75.2745098,,
1744341676,810,34,77,1,,,75.23529412,,,,,,75.23529412,,
1744341676,810,34,77,1,,,75.19607843,,,,,,75.19607843,,
1744341676,810,34,77,1,,,75.15686275,,,,,,75.15686275,,
1744341676,1282,1942,77,1,,,75.11764706,,,,,,75.11764706,,
1744341676,629,2506,77,1,,,75.07843137,,,,,,75.07843137,,
1744341677,29,2506,77,1,,,75.03921569,,,,,,75.03921569,,
1744341677,34,2506,75,1,,,75,,,,,,75,,
1744341677,24,519,75,1,,,75,,,,,,75,,
1744341677,25,1322,75,1,,,75,,,,,,75,,
1744341677,22,187,75,1,,,75,,,,,,75,,
1744341677,31,26,75,1,,,75,,,,,,75,,
1744341677,30,31,75,1,,,75,,,,,,75,,
1744341677,24,34,75,1,,,75,,,,,,75,,
1744341677,32,23,75,1,,,75,,,,,,75,,
1744341677,34,32,75,1,,,75,,,,,,75,,
1744341678,41,37,75,1,,,75,,,,,,75,,
1744341678,28,36,75,1,,,75,,,,,,75,,
1744341678,19,31,75,1,,,75,,,,,,75,,
1744341678,20,41,75,1,,,75,,,,,,75,,
1744341678,22,31,75,1,,,75,,,,,,75,,
1744341678,31,30,75,1,,,75,,,,,,75,,
1744341678,29,33,75,1,,,75,,,,,,75,,
1744341678,35,29,75,1,,,75,,,,,,75,,
1744341678,28,40,75,1,,,75,,,,,,75,,
1744341678,19,35,75,1,,,75,,,,,,75,,
1744341679,31,45,75,1,,,75,,,,,,75,,
1744341679,30,32,75,1,,,75,,,,,,75,,
1744341679,27,32,75,1,,,75,,,,,,75,,
1744341679,25,31,75,1,,,75,,,,,,75,,
1744341679,35,32,75,1,,,75,,,,,,75,,
1744341679,27,37,75,1,,,75,,,,,,75,,
1744341679,31,38,75,1,,,75.11764706,,,,,,75.11764706,,
1744341679,31,29,75,1,,,75.23529412,,,,,,75.23529412,,
1744341679,30,33,75,1,,,75.35294118,,,,,,75.35294118,,
1744341679,29,39,75,1,,,75.47058824,,,,,,75.47058824,,
1744341680,8,34,75,1,,,75.58823529,,,,,,75.58823529,,
1744341680,8,31,75,1,,,75.70588235,,,,,,75.70588235,,
1744341680,265,37,75,1,,,75.82352941,,,,,,75.82352941,,
1744341680,2669,22,75,1,,,75.94117647,,,,,,75.94117647,,
1744341680,797,38,75,1,,,76.05882353,,,,,,76.05882353,,
1744341680,797,9,75,1,,,76.17647059,,,,,,76.17647059,,
1744341680,797,9,75,1,,,76.29411765,,,,,,76.29411765,,
1744341680,955,604,75,1,,,76.41176471,,,,,,76.41176471,,
1744341680,588,2398,75,1,,,76.52941176,,,,,,76.52941176,,
1744341680,69,452,75,1,,,76.64705882,,,,,,76.64705882,,
1744341681,21,452,75,1,,,76.76470588,,,,,,76.76470588,,
1744341681,34,452,75,1,,,76.88235294,,,,,,76.88235294,,
1744341681,34,1297,75,1,,,77,,,,,,77,,
1744341681,25,622,75,1,,,77.11764706,,,,,,77.11764706,,
1744341681,35,33,75,1,,,77.23529412,,,,,,77.23529412,,
1744341681,32,37,75,1,,,77.35294118,,,,,,77.35294118,,
1744341681,24,32,75,1,,,77.47058824,,,,,,77.47058824,,
1744341681,18,41,75,1,,,77.58823529,,,,,,77.58823529,,
1744341681,22,39,75,1,,,77.70588235,,,,,,77.70588235,,
1744341681,28,31,75,1,,,77.82352941,,,,,,77.82352941,,
1744341682,32,29,75,1,,,77.94117647,,,,,,77.94117647,,
1744341682,22,31,75,1,,,77.74509804,,,,,,77.74509804,,
1744341682,31,36,75,1,,,77.54901961,,,,,,77.54901961,,
1744341682,31,35,75,1,,,77.35294118,,,,,,77.35294118,,
1744341682,28,39,75,1,,,77.15686275,,,,,,77.15686275,,
1744341682,22,36,75,1,,,76.96078431,,,,,,76.96078431,,
1744341682,26,37,75,1,,,76.76470588,,,,,,76.76470588,,
1744341682,32,36,75,1,,,76.56862745,,,,,,76.56862745,,
1744341682,33,28,75,1,,,76.37254902,,,,,,76.37254902,,
1744341682,31,31,75,1,,,76.17647059,,,,,,76.17647059,,
1744341683,33,37,75,1,,,75.98039216,,,,,,75.98039216,,
1744341683,19,37,75,1,,,75.78431373,,,,,,75.78431373,,
1744341683,25,34,75,1,,,75.58823529,,,,,,75.58823529,,
1744341683,27,41,75,1,,,75.39215686,,,,,,75.39215686,,
1744341683,30,34,75,1,,,75.19607843,,,,,,75.19607843,,
1744341683,19,34,75,1,,,75,,,,,,75,,
1744341683,32,38,75,1,,,74.80392157,,,,,,74.80392157,,
1744341683,30,34,75,1,,,74.60784314,,,,,,74.60784314,,
1744341683,31,34,75,1,,,74.41176471,,,,,,74.41176471,,
1744341683,28,35,75,1,,,74.21568627,,,,,,74.21568627,,
1744341684,28,43,75,1,,,74.01960784,,,,,,74.01960784,,
1744341684,28,33,75,1,,,73.82352941,,,,,,73.82352941,,
1744341684,2760,36,75,1,,,73.62745098,,,,,,73.62745098,,
1744341684,1502,29,75,1,,,73.43137255,,,,,,73.43137255,,
1744341684,1502,29,75,1,,,73.23529412,,,,,,73.23529412,,
1744341684,1502,29,75,1,,,73.03921569,,,,,,73.03921569,,
1744341684,1134,1030,81,1,,,73.21568627,,,,,,73.21568627,,
1744341684,983,2955,81,1,,,73.2745098,,,,,,73.2745098,,
1744341684,45,231,81,1,,,73.33333333,,,,,,73.33333333,,
1744341684,42,231,81,1,,,73.39215686,,,,,,73.39215686,,
1744341685,34,51,81,1,,,73.45098039,,,,,,73.45098039,,
1744341685,36,1235,81,1,,,73.50980392,,,,,,73.50980392,,
1744341685,31,454,81,1,,,73.56862745,,,,,,73.56862745,,
1744341685,31,37,81,1,,,73.62745098,,,,,,73.62745098,,
1744341685,34,38,81,1,,,73.68627451,,,,,,73.68627451,,
1744341685,31,34,81,1,,,73.74509804,,,,,,73.74509804,,
1744341685,33,36,81,1,,,73.80392157,,,,,,73.80392157,,
1744341685,20,37,81,1,,,73.8627451,,,,,,73.8627451,,
1744341685,18,38,81,1,,,73.92156863,,,,,,73.92156863,,
1744341685,30,28,81,1,,,73.98039216,,,,,,73.98039216,,
1744341686,29,38,81,1,,,74.03921569,,,,,,74.03921569,,
1744341686,21,30,81,1,,,74.09803922,,,,,,74.09803922,,
1744341686,32,36,81,1,,,74.15686275,,,,,,74.15686275,,
1744341686,26,33,81,1,,,74.21568627,,,,,,74.21568627,,
1744341686,23,35,81,1,,,74.2745098,,,,,,74.2745098,,
1744341686,21,38,81,1,,,74.33333333,,,,,,74.33333333,,
1744341686,32,37,81,1,,,74.2,,,,,,74.2,,
1744341686,23,29,81,1,,,74.06122449,,,,,,74.06122449,,
1744341686,34,30,81,1,,,73.91666667,,,,,,73.91666667,,
1744341686,31,31,81,1,,,73.76595745,,,,,,73.76595745,,
1744341687,30,36,81,1,,,73.60869565,,,,,,73.60869565,,
1744341687,23,27,65,1,,,73.44444444,,,,,,73.44444444,,
1744341687,35,31,65,1,,,73.63636364,,,,,,73.63636364,,
1744341687,35,33,65,1,,,73.8372093,,,,,,73.8372093,,
1744341687,29,36,65,1,,,74.04761905,,,,,,74.04761905,,
1744341687,35,44,65,1,,,74.26829268,,,,,,74.26829268,,
1744341687,22,30,65,1,,,74.5,,,,,,74.5,,
1744341687,24,34,65,1,,,74.74358974,,,,,,74.74358974,,
1744341687,29,30,65,1,,,75,,,,,,75,,
1744341687,29,29,65,1,,,75.27027027,,,,,,75.27027027,,
1744341688,29,35,65,1,,,75.55555556,,,,,,75.55555556,,
1744341688,485,29,65,1,,,75.85714286,,,,,,75.85714286,,
1744341688,2615,41,65,1,,,76.17647059,,,,,,76.17647059,,
1744341688,556,32,65,1,,,76.51515152,,,,,,76.51515152,,
1744341688,556,32,65,1,,,76.875,,,,,,76.875,,
1744341688,556,32,65,1,,,77.25806452,,,,,,77.25806452,,
1744341688,1358,2472,65,1,,,77.66666667,,,,,,77.66666667,,
1744341688,440,1951,65,1,,,78.10344828,,,,,,78.10344828,,
1744341688,28,1951,65,1,,,78.57142857,,,,,,78.57142857,,
1744341688,24,1951,65,1,,,79.07407407,,,,,,79.07407407,,
1744341689,33,931,65,1,,,79.61538462,,,,,,79.61538462,,
1744341689,25,1168,65,1,,,80.2,,,,,,80.2,,
1744341689,25,54,65,1,,,80.83333333,,,,,,80.83333333,,
1744341689,17,33,65,1,,,81.52173913,,,,,,81.52173913,,
1744341689,27,34,65,1,,,82.27272727,,,,,,82.27272727,,
1744341689,24,28,65,1,,,83.0952381,,,,,,83.0952381,,
1744341689,20,37,84,1,,,84,,,,,,84,,
1744341689,28,29,84,1,,,84,,,,,,84,,
1744341689,34,38,84,1,,,84,,,,,,84,,
1744341689,38,35,84,1,,,84,,,,,,84,,
1744341690,30,35,84,1,,,84,,,,,,84,,
1744341690,22,41,84,1,,,84,,,,,,84,,
1744341690,30,37,84,1,,,84,,,,,,84,,
1744341690,25,36,84,1,,,84,,,,,,84,,
1744341690,28,33,84,1,,,84,,,,,,84,,
1744341690,30,30,84,1,,,84,,,,,,84,,
1744341690,33,28,84,1,,,84,,,,,,84,,
1744341690,30,28,84,1,,,84,,,,,,84,,
1744341690,32,34,84,1,,,84,,,,,,84,,
1744341690,21,34,84,1,,,84,,,,,,84,,
1744341691,22,36,84,1,,,84,,,,,,84,,
1744341691,27,33,84,1,,,84,,,,,,84,,
1744341691,22,33,84,1,,,84,,,,,,84,,
1744341691,25,33,84,1,,,84,,,,,,84,,
1744341691,32,23,84,1,,,84,,,,,,84,,
1744341691,32,35,84,1,,,84,,,,,,84,,
