Time,Red_light,IR_light,SpO2,SpO2Valid,,,remove zeros,,50 point moving average
1744497921,30,38,99,1,,,99,,97.54901961
1744497922,26,30,99,1,,,99,,97.50980392
1744497922,25,30,99,1,,,99,,97.47058824
1744497922,22,34,99,1,,,99,,97.43137255
1744497922,23,31,99,1,,,99,,97.39215686
1744497922,32,33,99,1,,,99,,97.35294118
1744497922,24,34,99,1,,,99,,97.31372549
1744497922,15,35,99,1,,,99,,97.2745098
1744497922,27,35,99,1,,,99,,97.23529412
1744497922,30,32,99,1,,,99,,97.19607843
1744497922,26,32,99,1,,,99,,97.15686275
1744497923,19,35,99,1,,,99,,97.11764706
1744497923,30,38,99,1,,,99,,97.07843137
1744497923,35,30,99,1,,,99,,97.03921569
1744497923,35,27,97,1,,,97,,96.84313725
1744497923,25,34,97,1,,,97,,96.68627451
1744497923,28,30,97,1,,,97,,96.52941176
1744497923,0,32,97,1,,,97,,96.37254902
1744497923,0,31,97,1,,,97,,96.21568627
1744497923,171,28,97,1,,,97,,96.05882353
1744497923,3991,32,97,1,,,97,,95.90196078
1744497924,1455,35,97,1,,,97,,95.74509804
1744497924,0,19,97,1,,,97,,95.58823529
1744497924,0,0,97,1,,,97,,95.43137255
1744497924,298,0,97,1,,,97,,95.2745098
1744497924,1243,4366,97,1,,,97,,95.11764706
1744497924,351,2429,97,1,,,97,,94.96078431
1744497924,24,0,97,1,,,97,,94.80392157
1744497924,26,0,97,1,,,97,,94.64705882
1744497924,20,622,97,1,,,97,,94.49019608
1744497924,20,1355,97,1,,,97,,94.33333333
1744497925,28,239,97,1,,,97,,94.17647059
1744497925,22,33,97,1,,,97,,94.01960784
1744497925,28,32,97,1,,,97,,93.8627451
1744497925,28,33,97,1,,,97,,93.70588235
1744497925,30,32,97,1,,,97,,93.54901961
1744497925,18,34,97,1,,,97,,93.39215686
1744497925,24,31,97,1,,,97,,93.23529412
1744497925,27,28,97,1,,,97,,93.07843137
1744497925,28,31,97,1,,,97,,93.11764706
1744497925,25,36,97,1,,,97,,93.15686275
1744497926,36,28,97,1,,,97,,93.19607843
1744497926,35,33,97,1,,,97,,93.23529412
1744497926,28,39,97,1,,,97,,93.2745098
1744497926,26,34,97,1,,,97,,93.31372549
1744497926,19,34,97,1,,,97,,93.35294118
1744497926,26,29,97,1,,,97,,93.39215686
1744497926,33,25,97,1,,,97,,93.43137255
1744497926,24,33,97,1,,,97,,93.47058824
1744497926,29,36,97,1,,,97,,93.50980392
1744497926,21,36,97,1,,,97,,93.54901961
1744497927,20,39,97,1,,,97,,93.58823529
1744497927,30,30,97,1,,,97,,93.62745098
1744497927,33,33,97,1,,,97,,93.66666667
1744497927,27,33,97,1,,,97,,93.70588235
1744497927,28,39,97,1,,,97,,93.74509804
1744497927,24,35,97,1,,,97,,93.78431373
1744497927,29,34,97,1,,,97,,93.82352941
1744497927,28,27,97,1,,,97,,93.8627451
1744497927,0,38,97,1,,,97,,93.90196078
1744497927,0,34,97,1,,,97,,93.94117647
1744497928,4224,29,97,1,,,97,,93.98039216
1744497928,2149,27,97,1,,,97,,94.01960784
1744497928,0,0,97,1,,,97,,94.05882353
1744497930,35,31,89,1,,,89,,94.07843137
1744497930,29,29,89,1,,,89,,94.25490196
1744497931,27,37,89,1,,,89,,94.43137255
1744497931,24,41,89,1,,,89,,94.60784314
1744497931,31,26,89,1,,,89,,94.78431373
1744497931,31,42,89,1,,,89,,94.96078431
1744497931,25,38,89,1,,,89,,95.1372549
1744497931,29,32,89,1,,,89,,95.31372549
1744497931,37,23,89,1,,,89,,95.49019608
1744497931,32,33,89,1,,,89,,95.66666667
1744497931,30,39,89,1,,,89,,95.84313725
1744497931,23,35,89,1,,,89,,96.01960784
1744497932,0,31,89,1,,,89,,96.19607843
1744497932,0,28,89,1,,,89,,96.37254902
1744497932,3208,41,89,1,,,89,,96.54901961
1744497932,3833,34,89,1,,,89,,96.7254902
1744497932,108,32,89,1,,,89,,96.90196078
1744497932,0,0,89,1,,,89,,97.07843137
1744497932,117,0,89,1,,,89,,97.25490196
1744497932,1241,2553,89,1,,,89,,97.43137255
1744497932,512,2957,89,1,,,89,,97.60784314
1744497932,74,623,89,1,,,89,,97.78431373
1744497933,28,0,89,1,,,89,,97.96078431
1744497933,36,0,89,1,,,89,,98.1372549
1744497933,25,1277,89,1,,,89,,98.31372549
1744497933,34,816,99,1,,,99,,98.50980392
1744497933,34,41,99,1,,,99,,98.50980392
1744497933,26,35,99,1,,,99,,98.50980392
1744497933,26,35,99,1,,,99,,98.50980392
1744497933,26,32,99,1,,,99,,98.50980392
1744497933,33,33,99,1,,,99,,98.50980392
1744497933,32,37,99,1,,,99,,98.50980392
1744497934,20,38,99,1,,,99,,98.50980392
1744497934,27,34,99,1,,,99,,98.50980392
1744497934,32,26,99,1,,,99,,98.50980392
1744497934,32,34,99,1,,,99,,98.50980392
1744497934,26,36,99,1,,,99,,98.50980392
1744497934,19,37,99,1,,,99,,98.50980392
1744497934,24,31,99,1,,,99,,98.50980392
1744497934,23,34,99,1,,,99,,98.50980392
1744497934,28,38,99,1,,,99,,98.50980392
1744497934,27,33,99,1,,,99,,98.50980392
1744497935,31,39,99,1,,,99,,98.50980392
1744497935,31,32,99,1,,,99,,98.50980392
1744497935,34,27,99,1,,,99,,98.50980392
1744497935,29,31,99,1,,,99,,98.50980392
1744497935,26,33,99,1,,,99,,98.50980392
1744497935,26,41,99,1,,,99,,98.50980392
1744497935,29,38,99,1,,,99,,98.50980392
1744497935,28,27,99,1,,,99,,98.50980392
1744497935,30,33,98,1,,,98,,97.76470588
1744497935,31,29,98,1,,,98,,97.03921569
1744497936,31,38,98,1,,,98,,96.31372549
1744497936,22,37,98,1,,,98,,95.58823529
1744497936,7,34,98,1,,,98,,94.8627451
1744497936,0,25,98,1,,,98,,94.1372549
1744497936,0,27,98,1,,,98,,93.41176471
1744497936,3250,18,98,1,,,98,,92.68627451
1744497936,2062,33,98,1,,,98,,91.96078431
1744497936,59,30,98,1,,,98,,91.23529412
1744497936,0,0,98,1,,,98,,90.50980392
1744497936,165,0,98,1,,,98,,89.78431373
1744497937,1316,4131,98,1,,,98,,89.05882353
1744497937,398,2506,98,1,,,98,,88.33333333
1744497937,26,0,98,1,,,98,,87.60784314
1744497937,22,0,98,1,,,98,,86.88235294
1744497937,24,677,98,1,,,98,,86.15686275
1744497937,25,1371,98,1,,,98,,85.43137255
1744497937,31,157,98,1,,,98,,84.70588235
1744497937,28,35,98,1,,,98,,83.98039216
1744497937,25,39,98,1,,,98,,83.25490196
1744497937,17,33,98,1,,,98,,82.52941176
1744497938,27,31,98,1,,,98,,81.80392157
1744497938,26,33,98,1,,,98,,81.07843137
1744497938,25,36,98,1,,,98,,80.35294118
1744497938,20,34,99,1,,,99,,79.15686275
1744497938,28,26,99,1,,,99,,77.94117647
1744497938,21,33,99,1,,,99,,76.7254902
1744497938,35,30,99,1,,,99,,75.50980392
1744497938,29,35,99,1,,,99,,74.29411765
1744497938,25,43,99,1,,,99,,73.07843137
1744497938,17,39,99,1,,,99,,71.8627451
1744497939,28,31,99,1,,,99,,70.64705882
1744497939,32,31,99,1,,,99,,69.43137255
1744497939,25,31,99,1,,,99,,68.21568627
1744497939,18,33,99,1,,,99,,67
1744497939,28,31,99,1,,,99,,65.78431373
1744497939,28,34,99,1,,,99,,64.56862745
1744497939,28,36,99,1,,,99,,63.35294118
1744497939,25,35,99,1,,,99,,62.1372549
1744497939,29,35,99,1,,,99,,60.92156863
1744497939,25,33,99,1,,,99,,59.70588235
1744497940,31,29,99,1,,,99,,58.49019608
1744497940,30,36,99,1,,,99,,57.2745098
1744497940,25,35,99,1,,,99,,56.05882353
1744497940,21,40,99,1,,,99,,54.84313725
1744497940,5,35,99,1,,,99,,53.62745098
1744497940,0,18,99,1,,,99,,52.41176471
1744497940,194,37,99,1,,,99,,51.19607843
1744497940,3875,35,99,1,,,99,,49.98039216
1744497940,1269,34,61,1,,,61,,49.8627451
1744497940,0,12,61,1,,,61,,50.49019608
1744497941,0,0,61,1,,,61,,51.11764706
1744497941,715,177,61,1,,,61,,51.74509804
1744497941,891,4267,61,1,,,61,,52.37254902
1744497941,149,1295,61,1,,,61,,53
1744497941,32,0,61,1,,,61,,53.62745098
1744497941,20,0,61,1,,,61,,54.25490196
1744497941,33,1050,61,1,,,61,,54.88235294
1744497941,33,1172,61,1,,,61,,55.50980392
1744497941,36,66,61,1,,,61,,56.1372549
1744497941,34,36,61,1,,,61,,56.76470588
1744497942,29,36,61,1,,,61,,57.39215686
1744497942,20,34,61,1,,,61,,58.01960784
1744497942,25,35,61,1,,,61,,58.64705882
1744497942,24,32,61,1,,,61,,59.2745098
1744497942,32,30,61,1,,,61,,59.90196078
1744497942,33,35,61,1,,,61,,60.52941176
1744497942,25,37,61,1,,,61,,61.15686275
1744497942,21,41,61,1,,,61,,61.78431373
1744497942,37,29,61,1,,,61,,62.41176471
1744497942,31,37,61,1,,,61,,63.03921569
1744497943,27,34,61,1,,,61,,63.66666667
1744497943,22,38,61,1,,,61,,64.29411765
1744497943,22,43,61,1,,,61,,64.92156863
1744497943,28,32,37,1,,,37,,65.47058824
1744497943,31,34,37,1,,,37,,66.49019608
1744497943,23,35,37,1,,,37,,67.50980392
1744497943,22,39,37,1,,,37,,68.52941176
1744497943,32,33,37,1,,,37,,69.54901961
1744497943,31,33,37,1,,,37,,70.56862745
1744497943,32,30,37,1,,,37,,71.58823529
1744497944,25,31,37,1,,,37,,72.60784314
1744497944,22,38,37,1,,,37,,73.62745098
1744497944,28,29,37,1,,,37,,74.64705882
1744497944,27,32,37,1,,,37,,75.66666667
1744497944,30,35,37,1,,,37,,76.68627451
1744497944,21,36,37,1,,,37,,77.70588235
1744497944,0,34,37,1,,,37,,78.7254902
1744497944,0,29,37,1,,,37,,79.74509804
1744497944,1582,36,37,1,,,37,,80.76470588
1744497944,4243,34,37,1,,,37,,81.78431373
1744497945,1083,38,37,1,,,37,,82.80392157
1744497945,0,9,37,1,,,37,,83.82352941
1744497945,0,0,37,1,,,37,,84.84313725
1744497945,590,71,37,1,,,37,,85.8627451
1744497945,1096,4366,37,1,,,37,,86.88235294
1744497945,262,1748,37,1,,,37,,87.90196078
1744497945,31,0,37,1,,,37,,88.92156863
1744497945,18,0,37,1,,,37,,89.94117647
1744497955,23,38,93,1,,,93,,89.7254902
1744497955,19,31,93,1,,,93,,88.41176471
1744497956,36,30,93,1,,,93,,87.09803922
1744497956,33,34,93,1,,,93,,85.78431373
1744497956,32,39,93,1,,,93,,84.47058824
1744497956,21,33,93,1,,,93,,83.15686275
1744497956,27,34,93,1,,,93,,81.84313725
1744497956,23,27,93,1,,,93,,80.52941176
1744497956,26,31,93,1,,,93,,79.21568627
1744497956,26,34,93,1,,,93,,77.90196078
1744497956,28,40,93,1,,,93,,76.58823529
1744497956,13,40,93,1,,,93,,75.2745098
1744497957,0,36,93,1,,,93,,73.96078431
1744497957,0,25,93,1,,,93,,72.64705882
1744497957,4294,38,93,1,,,93,,71.33333333
1744497957,1630,32,93,1,,,93,,70.01960784
1744497957,0,0,93,1,,,93,,68.70588235
1744497957,0,0,93,1,,,93,,67.39215686
1744497957,1133,1370,93,1,,,93,,66.07843137
1744497957,1083,4302,93,1,,,93,,64.76470588
1744497957,41,446,93,1,,,93,,63.45098039
1744497957,20,0,93,1,,,93,,62.1372549
1744497958,26,88,93,1,,,93,,60.82352941
1744497958,28,1334,93,1,,,93,,59.50980392
1744497958,30,374,93,1,,,93,,58.19607843
1744497958,35,30,89,1,,,89,,56.88235294
1744497958,28,36,89,1,,,89,,55.64705882
1744497958,31,37,89,1,,,89,,54.41176471
1744497958,30,38,89,1,,,89,,53.17647059
1744497958,28,37,89,1,,,89,,51.94117647
1744497958,25,37,89,1,,,89,,50.70588235
1744497958,27,26,89,1,,,89,,49.47058824
1744497959,29,34,89,1,,,89,,48.23529412
1744497959,22,37,89,1,,,89,,47
1744497959,30,41,89,1,,,89,,45.76470588
1744497959,30,30,89,1,,,89,,44.52941176
1744497959,33,36,89,1,,,89,,43.29411765
1744497959,27,31,89,1,,,89,,42.05882353
1744497959,20,36,89,1,,,89,,40.82352941
1744497959,21,32,89,1,,,89,,39.58823529
1744497959,31,31,89,1,,,89,,38.35294118
1744497959,31,31,89,1,,,89,,37.11764706
1744497960,32,34,89,1,,,89,,35.88235294
1744497960,28,40,89,1,,,89,,34.64705882
1744497960,30,36,89,1,,,89,,33.41176471
1744497960,32,28,89,1,,,89,,32.17647059
1744497960,33,35,89,1,,,89,,30.94117647
1744497960,29,34,89,1,,,89,,29.70588235
1744497960,27,38,89,1,,,89,,28.47058824
1744497960,29,30,89,1,,,89,,27.23529412
1744497960,22,34,26,1,,,26,,26
1744497960,25,40,26,1,,,26,,26
1744497961,31,32,26,1,,,26,,26
1744497961,0,29,26,1,,,26,,26
1744497961,0,39,26,1,,,26,,26
1744497961,2682,32,26,1,,,26,,26
1744497961,2857,21,26,1,,,26,,26
1744497961,420,32,26,1,,,26,,26
1744497961,0,0,26,1,,,26,,26
1744497961,0,0,26,1,,,26,,26
1744497961,1455,3390,26,1,,,26,,26
1744497961,644,3457,26,1,,,26,,26
1744497962,25,2,26,1,,,26,,26
1744497962,25,0,26,1,,,26,,26
1744497962,33,300,26,1,,,26,,26
1744497962,39,1415,26,1,,,26,,26
1744497962,30,305,26,1,,,26,,26
1744497962,27,38,26,1,,,26,,26
1744497962,27,30,26,1,,,26,,26
1744497962,30,22,26,1,,,26,,26
1744497962,35,36,26,1,,,26,,26
1744497962,21,32,26,1,,,26,,26
1744497963,30,33,26,1,,,26,,26
1744497963,25,30,26,1,,,26,,26
1744497963,33,37,26,1,,,26,,26
1744497963,31,33,26,1,,,26,,26
1744497963,27,37,26,1,,,26,,26
1744497963,23,33,26,1,,,26,,26
1744497963,35,29,26,1,,,26,,26
1744497963,29,36,26,1,,,26,,26
1744497963,24,36,26,1,,,26,,26
1744497963,30,34,26,1,,,26,,26
1744497964,32,28,26,1,,,26,,26
1744497964,33,33,26,1,,,26,,26
1744497964,27,36,26,1,,,26,,26
1744497964,22,40,26,1,,,26,,26
1744497964,28,30,26,1,,,26,,26
1744497964,26,23,26,1,,,26,,26
1744497964,31,38,26,1,,,26,,26
1744497964,28,33,26,1,,,26,,26
1744497964,22,37,26,1,,,26,,26
1744497965,24,35,26,1,,,26,,26
1744497965,32,27,26,1,,,26,,26
1744497965,30,36,26,1,,,26,,26
1744497965,0,41,26,1,,,26,,26
1744497965,0,35,26,1,,,26,,26
1744497965,938,34,26,1,,,26,,26
1744497965,4206,32,26,1,,,26,,26
1744497965,854,29,26,1,,,26,,26
1744497965,0,0,26,1,,,26,,26
1744497965,0,0,26,1,,,26,,27.37254902
1744497966,893,451,26,1,,,26,,28.74509804
1744497966,856,4122,26,1,,,26,,30.11764706
1744497966,136,1151,26,1,,,26,,31.49019608
1744497966,29,0,26,1,,,26,,32.8627451
1744497966,33,0,26,1,,,26,,34.23529412
1744497966,32,1247,26,1,,,26,,35.60784314
1744497966,23,1099,26,1,,,26,,36.98039216
1744497966,24,82,26,1,,,26,,38.35294118
1744497966,25,31,26,1,,,26,,39.7254902
1744497966,32,31,26,1,,,26,,41.09803922
1744497966,27,37,26,1,,,26,,42.47058824
1744497967,21,35,26,1,,,26,,43.84313725
1744497967,23,36,26,1,,,26,,45.21568627
1744497967,25,29,26,1,,,26,,46.58823529
1744497967,28,29,26,1,,,26,,47.96078431
1744497967,28,37,26,1,,,26,,49.33333333
1744497967,27,35,26,1,,,26,,50.70588235
1744497967,26,40,26,1,,,26,,52.07843137
1744497967,27,37,26,1,,,26,,53.45098039
1744497967,34,34,26,1,,,26,,54.82352941
1744497967,30,35,26,1,,,26,,56.19607843
1744497968,24,37,26,1,,,26,,57.56862745
1744497968,28,39,26,1,,,26,,58.94117647
1744497968,20,27,26,1,,,26,,60.31372549
1744497968,29,35,26,1,,,26,,61.70588235
1744497968,35,38,26,1,,,26,,63.09803922
1744497968,26,33,26,1,,,26,,64.49019608
1744497968,22,38,26,1,,,26,,65.88235294
1744497968,26,31,26,1,,,26,,67.2745098
1744497968,33,30,26,1,,,26,,68.66666667
1744497969,29,35,26,1,,,26,,70.05882353
1744497969,24,39,26,1,,,26,,71.45098039
1744497969,15,32,26,1,,,26,,72.84313725
1744497969,31,37,26,1,,,26,,74.23529412
1744497969,26,30,26,1,,,26,,75.62745098
1744497969,0,35,26,1,,,26,,77.01960784
1744497969,0,35,26,1,,,26,,78.41176471
1744497969,557,34,26,1,,,26,,79.80392157
1744497969,4151,33,26,1,,,26,,81.19607843
1744497969,877,23,26,1,,,26,,82.58823529
1744497970,0,0,26,1,,,26,,83.98039216
1744497970,0,0,26,1,,,26,,85.37254902
1744497970,980,773,26,1,,,26,,86.76470588
1744497970,753,3893,26,1,,,26,,88.15686275
1744497970,99,869,26,1,,,26,,89.54901961
1744497970,25,0,26,1,,,26,,90.94117647
1744497970,33,0,26,1,,,26,,92.33333333
1744497970,23,1469,26,1,,,26,,93.7254902
1744497970,18,679,26,1,,,26,,95.11764706
1744497978,1230,4286,96,1,,,96,,96.50980392
1744497978,76,761,96,1,,,96,,96.52941176
1744497978,34,0,96,1,,,96,,96.54901961
1744497978,30,0,96,1,,,96,,96.56862745
1744497978,24,1041,96,1,,,96,,96.58823529
1744497978,29,722,96,1,,,96,,96.60784314
1744497979,26,88,96,1,,,96,,96.62745098
1744497979,31,34,96,1,,,96,,96.64705882
1744497979,29,34,96,1,,,96,,96.66666667
1744497979,19,34,96,1,,,96,,96.68627451
1744497979,23,40,96,1,,,96,,96.70588235
1744497979,34,26,96,1,,,96,,96.7254902
1744497979,35,37,96,1,,,96,,96.74509804
1744497979,32,31,96,1,,,96,,96.76470588
1744497979,25,40,96,1,,,96,,96.78431373
1744497979,21,37,96,1,,,96,,96.80392157
1744497980,24,31,96,1,,,96,,96.82352941
1744497980,31,38,96,1,,,96,,96.84313725
1744497980,27,36,96,1,,,96,,96.8627451
1744497980,27,37,96,1,,,96,,96.88235294
1744497980,27,32,96,1,,,96,,96.90196078
1744497980,32,38,96,1,,,96,,96.92156863
1744497980,30,35,96,1,,,96,,96.94117647
1744497980,32,39,96,1,,,96,,96.96078431
1744497980,26,37,96,1,,,96,,96.98039216
1744497980,17,33,97,1,,,97,,96.98039216
1744497981,24,30,97,1,,,97,,96.96078431
1744497981,30,33,97,1,,,97,,96.94117647
1744497981,30,32,97,1,,,97,,96.92156863
1744497981,26,38,97,1,,,97,,96.90196078
1744497981,17,38,97,1,,,97,,96.88235294
1744497981,28,26,97,1,,,97,,96.8627451
1744497981,30,35,97,1,,,97,,96.84313725
1744497981,0,41,97,1,,,97,,96.82352941
1744497981,0,29,97,1,,,97,,96.80392157
1744497981,619,36,97,1,,,97,,96.78431373
1744497982,4186,26,97,1,,,97,,96.76470588
1744497982,886,35,97,1,,,97,,96.74509804
1744497982,0,0,97,1,,,97,,96.7254902
1744497982,0,0,97,1,,,97,,96.70588235
1744497982,935,552,97,1,,,97,,96.68627451
1744497982,787,4003,97,1,,,97,,96.66666667
1744497982,106,921,97,1,,,97,,96.64705882
1744497982,30,0,97,1,,,97,,96.62745098
1744497982,36,0,97,1,,,97,,96.60784314
1744497982,26,1420,97,1,,,97,,96.58823529
1744497983,25,766,97,1,,,97,,96.56862745
1744497983,27,30,97,1,,,97,,96.54901961
1744497983,29,29,97,1,,,97,,96.52941176
1744497983,33,34,97,1,,,97,,96.50980392
1744497983,25,38,97,1,,,97,,96.49019608
1744497983,23,33,97,1,,,97,,96.47058824
1744497983,28,32,97,1,,,97,,96.45098039
1744497983,36,31,97,1,,,97,,96.43137255
1744497983,30,36,97,1,,,97,,96.41176471
1744497983,29,39,97,1,,,97,,96.39215686
1744497984,23,41,97,1,,,97,,96.37254902
1744497984,30,27,97,1,,,97,,96.35294118
1744497984,34,28,97,1,,,97,,96.33333333
1744497984,31,32,97,1,,,97,,96.31372549
1744497984,27,37,97,1,,,97,,96.29411765
1744497984,23,31,97,1,,,97,,96.2745098
1744497984,30,29,97,1,,,97,,96.25490196
1744497984,34,31,97,1,,,97,,96.23529412
1744497984,34,34,97,1,,,97,,96.21568627
1744497984,20,31,97,1,,,97,,96.19607843
1744497985,30,31,97,1,,,97,,96.17647059
1744497985,28,30,97,1,,,97,,96.15686275
1744497985,28,33,97,1,,,97,,96.1372549
1744497985,24,37,97,1,,,97,,96.11764706
1744497985,27,32,97,1,,,97,,96.09803922
1744497985,30,36,97,1,,,97,,96.07843137
1744497985,29,32,97,1,,,97,,96.05882353
1744497985,25,24,97,1,,,97,,96.03921569
1744497985,0,31,97,1,,,97,,96.01960784
1744497985,0,32,96,1,,,96,,96.05882353
1744497986,3338,30,96,1,,,96,,96.11764706
1744497986,1756,31,96,1,,,96,,96.17647059
1744497986,0,26,96,1,,,96,,96.23529412
1744497986,0,0,96,1,,,96,,96.29411765
1744497986,493,0,96,1,,,96,,96.35294118
1744497986,1103,4343,96,1,,,96,,96.41176471
1744497986,193,1559,96,1,,,96,,96.47058824
1744497986,33,0,96,1,,,96,,96.52941176
1744497986,23,0,96,1,,,96,,96.58823529
1744497986,40,1257,96,1,,,96,,96.64705882
1744497987,31,971,96,1,,,96,,96.70588235
1744497987,37,34,96,1,,,96,,96.76470588
1744497987,32,35,96,1,,,96,,96.82352941
1744497987,32,37,96,1,,,96,,96.88235294
1744497987,19,33,96,1,,,96,,96.94117647
1744497987,29,28,96,1,,,96,,97
1744497987,25,38,96,1,,,96,,97.05882353
1744497987,33,38,96,1,,,96,,97.11764706
1744497987,21,38,96,1,,,96,,97.17647059
1744497987,26,38,96,1,,,96,,97.23529412
1744497988,29,36,96,1,,,96,,97.29411765
1744497988,31,30,96,1,,,96,,97.35294118
1744497988,29,31,96,1,,,96,,97.41176471
1744497988,24,37,96,1,,,96,,97.47058824
1744497988,32,25,96,1,,,96,,97.52941176
1744497988,23,33,96,1,,,96,,97.58823529
1744497988,25,34,96,1,,,96,,97.64705882
1744497988,28,32,96,1,,,96,,97.70588235
1744497988,28,37,96,1,,,96,,97.76470588
1744497988,25,34,96,1,,,96,,97.82352941
1744497989,19,41,96,1,,,96,,97.88235294
1744497989,22,32,96,1,,,96,,97.94117647
1744497989,29,27,96,1,,,96,,98
1744497989,30,31,96,1,,,96,,98.05882353
1744497989,16,36,96,1,,,96,,98.11764706
1744497989,24,36,96,1,,,96,,98.17647059
1744497989,26,27,96,1,,,96,,98.23529412
1744497989,31,29,96,1,,,96,,98.29411765
1744497989,27,38,96,1,,,96,,98.35294118
1744497989,0,36,96,1,,,96,,98.41176471
1744497990,0,31,96,1,,,96,,98.47058824
1744497990,3800,41,96,1,,,96,,98.52941176
1744497990,2712,35,96,1,,,96,,98.58823529
1744497990,0,11,96,1,,,96,,98.64705882
1744497990,0,0,96,1,,,96,,98.70588235
1744497990,636,70,96,1,,,96,,98.76470588
1744497990,1454,3701,96,1,,,96,,98.82352941
1744497990,163,1376,96,1,,,96,,98.88235294
1744497990,24,0,96,1,,,96,,98.94117647
1744497990,26,0,99,1,,,99,,99
1744497991,31,726,99,1,,,99,,99
1744497991,29,933,99,1,,,99,,99
1744497991,30,151,99,1,,,99,,99
1744497991,25,34,99,1,,,99,,99
1744497991,30,28,99,1,,,99,,99
1744497991,32,33,99,1,,,99,,99
1744497991,21,39,99,1,,,99,,99
1744497991,26,40,99,1,,,99,,99
1744497991,29,35,99,1,,,99,,99
1744497991,33,39,99,1,,,99,,99
1744497992,28,35,99,1,,,99,,99
1744497992,24,34,99,1,,,99,,99
1744497992,26,34,99,1,,,99,,99
1744497992,38,32,99,1,,,99,,99
1744497992,34,33,99,1,,,99,,99
1744497992,29,37,99,1,,,99,,99
1744497992,26,32,99,1,,,99,,99
1744497992,27,30,99,1,,,99,,99
1744497992,29,31,99,1,,,99,,99
1744497992,29,33,99,1,,,99,,99
1744497993,21,29,99,1,,,99,,99
1744497993,31,31,99,1,,,99,,99
1744497993,27,31,99,1,,,99,,99
1744497993,34,36,99,1,,,99,,99
1744497993,21,32,99,1,,,99,,98.52941176
1744497993,33,34,99,1,,,99,,98.05882353
1744497993,25,26,99,1,,,99,,97.58823529
1744497993,28,34,99,1,,,99,,97.11764706
1744497993,25,38,99,1,,,99,,96.64705882
1744497993,13,39,99,1,,,99,,96.17647059
1744497994,0,30,99,1,,,99,,95.70588235
1744497994,0,32,99,1,,,99,,95.23529412
1744497994,3239,32,99,1,,,99,,94.76470588
1744497994,2090,29,99,1,,,99,,94.29411765
1744497994,97,31,99,1,,,99,,93.82352941
1744497994,0,0,99,1,,,99,,93.35294118
1744497994,49,0,99,1,,,99,,92.88235294
1744497994,1455,3695,99,1,,,99,,92.41176471
1744497994,593,3228,99,1,,,99,,91.94117647
1744497994,22,9,99,1,,,99,,91.47058824
1744497995,24,0,99,1,,,99,,91
1744497995,25,339,99,1,,,99,,90.52941176
1744497995,25,1408,99,1,,,99,,90.05882353
1744497995,33,311,99,1,,,99,,89.58823529
1744497995,28,36,99,1,,,99,,89.11764706
1744497995,27,38,99,1,,,99,,88.64705882
1744497995,26,34,99,1,,,99,,88.17647059
1744497995,36,29,99,1,,,99,,87.70588235
1744497995,30,43,99,1,,,99,,87.23529412
1744497995,29,38,99,1,,,99,,86.76470588
1744497996,28,36,99,1,,,99,,86.29411765
1744497996,20,36,99,1,,,99,,85.82352941
1744497996,27,28,99,1,,,99,,85.35294118
1744497996,33,31,99,1,,,99,,84.88235294
1744497996,30,37,99,1,,,99,,84.41176471
1744497996,24,33,99,1,,,99,,83.94117647
1744497996,23,27,99,1,,,99,,83.47058824
1744497996,30,27,99,1,,,99,,83
1744497996,23,31,99,1,,,99,,82.52941176
1744497996,29,41,99,1,,,99,,82.05882353
1744497997,28,31,99,1,,,99,,81.58823529
1744497997,32,31,99,1,,,99,,81.11764706
1744497997,29,36,99,1,,,99,,80.64705882
1744497997,17,36,99,1,,,99,,80.17647059
1744497997,23,33,99,1,,,99,,79.70588235
1744497997,29,34,99,1,,,99,,79.23529412
1744497997,31,32,99,1,,,99,,78.76470588
1744497997,29,40,99,1,,,99,,78.29411765
1744497997,25,35,99,1,,,99,,77.82352941
1744497997,32,28,99,1,,,99,,77.35294118
1744497998,27,30,99,1,,,99,,76.88235294
1744497998,8,38,99,1,,,99,,76.41176471
1744497998,0,32,99,1,,,99,,75.94117647
1744497998,58,32,99,1,,,99,,75.47058824
1744497998,3663,37,75,1,,,75,,74.52941176
1744497998,1511,29,75,1,,,75,,74.05882353
1744497998,0,14,75,1,,,75,,73.58823529
1744497998,0,0,75,1,,,75,,73.11764706
1744497998,493,0,75,1,,,75,,72.64705882
1744497998,1152,4270,75,1,,,75,,72.17647059
1744497999,254,1777,75,1,,,75,,71.70588235
1744497999,19,0,75,1,,,75,,71.23529412
1744497999,23,0,75,1,,,75,,70.76470588
1744497999,28,971,75,1,,,75,,70.29411765
1744497999,32,1331,75,1,,,75,,69.82352941
1744497999,37,112,75,1,,,75,,69.35294118
1744497999,31,30,75,1,,,75,,68.88235294
1744497999,34,39,75,1,,,75,,68.41176471
1744497999,26,35,75,1,,,75,,67.94117647
1744497999,22,30,75,1,,,75,,67.47058824
1744498000,29,28,75,1,,,75,,67
1744498000,27,37,75,1,,,75,,66.52941176
1744498000,18,42,75,1,,,75,,66.05882353
1744498000,27,40,75,1,,,75,,65.58823529
1744498000,23,27,75,1,,,75,,65.11764706
1744498000,33,35,75,1,,,75,,64.64705882
1744498000,37,33,75,1,,,75,,64.17647059
1744498000,23,40,75,1,,,75,,63.70588235
1744498000,28,33,75,1,,,75,,63.23529412
1744498000,37,26,75,1,,,75,,62.76470588
1744498001,29,28,75,1,,,75,,62.29411765
1744498001,33,36,75,1,,,75,,61.82352941
1744498001,23,37,75,1,,,75,,61.35294118
1744498001,25,29,75,1,,,75,,60.88235294
1744498001,25,35,75,1,,,75,,60.41176471
1744498001,29,30,75,1,,,75,,59.94117647
1744498001,23,33,75,1,,,75,,59.47058824
1744498001,27,31,75,1,,,75,,59
1744498001,25,34,75,1,,,75,,58.52941176
1744498001,34,33,75,1,,,75,,58.05882353
1744498002,26,36,75,1,,,75,,57.58823529
1744498002,23,37,75,1,,,75,,57.11764706
1744498002,31,31,75,1,,,75,,56.64705882
1744498002,0,27,75,1,,,75,,56.17647059
1744498002,0,41,75,1,,,75,,55.70588235
1744498002,419,30,75,1,,,75,,55.23529412
1744498002,3964,34,75,1,,,75,,54.76470588
1744498002,1227,32,75,1,,,75,,54.29411765
1744498002,0,16,75,1,,,75,,53.82352941
1744498002,0,0,75,1,,,75,,53.35294118
1744498003,480,0,75,1,,,75,,52.88235294
1744498003,1191,4249,75,1,,,75,,52.41176471
1744498003,292,1916,75,1,,,75,,51.94117647
1744498003,25,0,75,1,,,75,,51.47058824
1744498003,27,0,51,1,,,51,,51
1744498003,28,846,51,1,,,51,,51
1744498003,24,1410,51,1,,,51,,51
1744498003,26,187,51,1,,,51,,51
1744498003,26,37,51,1,,,51,,51
1744498003,28,34,51,1,,,51,,51
1744498004,25,29,51,1,,,51,,51
1744498004,30,32,51,1,,,51,,51
1744498004,18,34,51,1,,,51,,51
1744498004,24,39,51,1,,,51,,51
1744498004,19,30,51,1,,,51,,51
1744498004,27,37,51,1,,,51,,51
1744498004,26,33,51,1,,,51,,51
1744498004,28,30,51,1,,,51,,51
1744498004,16,33,51,1,,,51,,51
1744498004,31,31,51,1,,,51,,51
1744498005,31,34,51,1,,,51,,51
1744498005,20,37,51,1,,,51,,51
1744498005,27,32,51,1,,,51,,51
1744498005,30,34,51,1,,,51,,51
1744498005,20,32,51,1,,,51,,51
1744498005,27,29,51,1,,,51,,51
1744498005,26,40,51,1,,,51,,51
1744498005,26,32,51,1,,,51,,51
1744498005,29,28,51,1,,,51,,51
1744498005,27,33,51,1,,,51,,50.58823529
1744498006,24,32,51,1,,,51,,50.17647059
1744498006,33,39,51,1,,,51,,49.76470588
1744498006,28,38,51,1,,,51,,49.35294118
1744498006,18,38,51,1,,,51,,48.94117647
1744498006,20,35,51,1,,,51,,48.52941176
1744498006,0,28,51,1,,,51,,48.11764706
1744498006,0,41,51,1,,,51,,47.70588235
1744498006,2686,25,51,1,,,51,,47.29411765
1744498006,4031,31,51,1,,,51,,46.88235294
1744498006,178,33,51,1,,,51,,46.47058824
1744498007,0,0,51,1,,,51,,46.05882353
1744498007,81,0,51,1,,,51,,45.64705882
1744498007,1230,2274,51,1,,,51,,45.23529412
1744498007,544,3117,51,1,,,51,,44.82352941
1744498007,57,622,51,1,,,51,,44.41176471
1744498007,26,0,51,1,,,51,,44
1744498007,27,0,51,1,,,51,,43.58823529
1744498007,35,1384,51,1,,,51,,43.17647059
1744498007,27,665,51,1,,,51,,42.76470588
1744498007,29,35,51,1,,,51,,42.35294118
1744498008,25,31,51,1,,,51,,41.94117647
1744498008,26,35,51,1,,,51,,41.52941176
1744498008,25,28,51,1,,,51,,41.11764706
1744498008,32,40,51,1,,,51,,40.70588235
1744498008,39,26,51,1,,,51,,40.76470588
1744498008,27,35,51,1,,,51,,40.82352941
1744498008,22,42,51,1,,,51,,40.88235294
1744498008,32,25,51,1,,,51,,40.94117647
1744498008,40,40,51,1,,,51,,41
1744498008,25,38,51,1,,,51,,41.05882353
1744498009,19,36,51,1,,,51,,41.11764706
1744498009,27,39,51,1,,,51,,41.17647059
1744498009,24,31,51,1,,,51,,41.23529412
1744498009,28,34,51,1,,,51,,41.29411765
1744498009,27,36,51,1,,,51,,41.35294118
1744498009,25,35,51,1,,,51,,41.41176471
1744498009,22,38,51,1,,,51,,41.47058824
1744498009,33,33,51,1,,,51,,41.52941176
1744498009,26,33,51,1,,,51,,41.58823529
1744498009,22,36,51,1,,,51,,41.64705882
1744498010,27,38,51,1,,,51,,41.70588235
1744498010,38,33,51,1,,,51,,41.76470588
1744498010,39,37,51,1,,,51,,41.82352941
1744498010,33,39,51,1,,,51,,41.88235294
1744498010,22,35,51,1,,,51,,41.94117647
1744498010,28,40,51,1,,,51,,42
1744498010,0,33,51,1,,,51,,42.05882353
1744498010,0,36,51,1,,,51,,42.11764706
1744498010,2141,35,51,1,,,51,,42.17647059
1744498010,2555,35,30,1,,,30,,43.11764706
1744498011,214,37,30,1,,,30,,44.47058824
1744498011,0,0,30,1,,,30,,45.82352941
1744498011,148,0,30,1,,,30,,47.17647059
1744498011,1290,4031,30,1,,,30,,48.52941176
1744498011,347,2255,30,1,,,30,,49.88235294
1744498011,28,0,30,1,,,30,,51.23529412
1744498011,30,0,30,1,,,30,,52.58823529
1744498011,24,782,30,1,,,30,,53.94117647
1744498011,27,1383,30,1,,,30,,55.29411765
1744498011,18,191,30,1,,,30,,56.64705882
1744498012,31,41,30,1,,,30,,58
1744498012,23,34,30,1,,,30,,59.35294118
1744498012,23,34,30,1,,,30,,60.70588235
1744498012,30,29,30,1,,,30,,62.05882353
1744498012,35,30,30,1,,,30,,63.41176471
1744498012,22,40,30,1,,,30,,64.76470588
1744498012,20,34,30,1,,,30,,66.11764706
1744498012,28,31,30,1,,,30,,67.47058824
1744498012,29,29,30,1,,,30,,68.82352941
1744498012,29,39,30,1,,,30,,70.17647059
1744498013,28,34,30,1,,,30,,71.52941176
1744498013,37,33,30,1,,,30,,72.88235294
1744498013,30,33,30,1,,,30,,74.23529412
1744498013,26,35,30,1,,,30,,75.58823529
1744498013,31,29,54,1,,,54,,76.49019608
1744498013,29,37,54,1,,,54,,76.92156863
1744498013,31,37,54,1,,,54,,77.35294118
1744498013,30,35,54,1,,,54,,77.78431373
1744498013,28,41,54,1,,,54,,78.21568627
1744498013,24,37,54,1,,,54,,78.64705882
1744498014,26,29,54,1,,,54,,79.07843137
1744498014,29,34,54,1,,,54,,79.50980392
1744498014,26,36,54,1,,,54,,79.94117647
1744498014,23,41,54,1,,,54,,80.37254902
1744498014,26,36,54,1,,,54,,80.80392157
1744498014,24,32,54,1,,,54,,81.23529412
1744498014,24,28,54,1,,,54,,81.66666667
1744498014,0,37,54,1,,,54,,82.09803922
1744498014,0,39,54,1,,,54,,82.52941176
1744498015,1339,34,54,1,,,54,,82.96078431
1744498015,4224,26,54,1,,,54,,83.39215686
1744498015,693,34,54,1,,,54,,83.82352941
1744498015,0,0,54,1,,,54,,84.25490196
1744498015,0,0,54,1,,,54,,84.68627451
1744498015,836,461,54,1,,,54,,85.11764706
1744498015,822,4070,54,1,,,54,,85.54901961
1744498015,111,1113,54,1,,,54,,85.98039216
1744498015,32,0,54,1,,,54,,86.41176471
1744498015,24,0,54,1,,,54,,86.84313725
1744498015,25,1217,99,1,,,99,,86.15686275
1744498016,22,955,99,1,,,99,,84.58823529
1744498016,26,51,99,1,,,99,,83.01960784
1744498016,26,33,99,1,,,99,,81.45098039
1744498016,24,34,99,1,,,99,,79.88235294
1744498016,30,35,99,1,,,99,,78.31372549
1744498016,27,32,99,1,,,99,,76.74509804
1744498016,28,31,99,1,,,99,,75.17647059
1744498016,28,34,99,1,,,99,,73.60784314
1744498016,25,42,99,1,,,99,,72.03921569
1744498017,22,40,99,1,,,99,,70.47058824
1744498017,24,36,99,1,,,99,,68.90196078
1744498017,24,39,99,1,,,99,,67.33333333
1744498017,25,34,99,1,,,99,,65.76470588
1744498017,25,34,99,1,,,99,,64.19607843
1744498017,31,32,99,1,,,99,,62.62745098
1744498017,33,36,99,1,,,99,,61.05882353
1744498017,29,39,99,1,,,99,,59.49019608
1744498017,31,30,99,1,,,99,,57.92156863
1744498017,29,30,99,1,,,99,,56.35294118
1744498018,35,28,99,1,,,99,,54.78431373
1744498018,28,38,99,1,,,99,,53.21568627
1744498018,29,26,99,1,,,99,,51.64705882
1744498018,28,40,99,1,,,99,,50.07843137
1744498018,32,36,99,1,,,99,,48.50980392
1744498018,29,41,76,1,,,76,,46.92156863
1744498018,29,39,76,1,,,76,,45.78431373
1744498018,29,39,76,1,,,76,,44.64705882
1744498018,28,33,76,1,,,76,,43.50980392
1744498018,30,42,76,1,,,76,,42.37254902
1744498019,0,33,76,1,,,76,,41.23529412
1744498019,0,30,76,1,,,76,,40.09803922
1744498019,975,26,76,1,,,76,,38.96078431
1744498019,4046,25,76,1,,,76,,37.82352941
1744498019,1396,31,76,1,,,76,,36.68627451
1744498019,0,18,76,1,,,76,,35.54901961
1744498019,0,0,76,1,,,76,,34.41176471
1744498019,88,0,76,1,,,76,,33.2745098
1744498019,1377,3776,76,1,,,76,,32.1372549
1744498019,535,3047,76,1,,,76,,31
1744498020,27,0,76,1,,,76,,29.8627451
1744498020,30,0,76,1,,,76,,28.7254902
1744498020,31,219,76,1,,,76,,27.58823529
1744498020,34,1315,76,1,,,76,,26.45098039
1744498020,26,332,76,1,,,76,,25.31372549
1744498020,26,38,76,1,,,76,,24.17647059
1744498020,24,29,76,1,,,76,,23.03921569
1744498020,23,34,76,1,,,76,,21.90196078
1744498020,23,39,76,1,,,76,,20.76470588
1744498020,26,34,76,1,,,76,,19.62745098
1744498021,30,30,19,1,,,19,,19.62745098
1744498021,35,38,19,1,,,19,,20.74509804
1744498021,32,42,19,1,,,19,,21.8627451
1744498021,29,33,19,1,,,19,,22.98039216
1744498021,34,38,19,1,,,19,,24.09803922
1744498021,24,35,19,1,,,19,,25.21568627
1744498021,26,35,19,1,,,19,,26.33333333
1744498021,28,39,19,1,,,19,,27.45098039
1744498021,36,30,19,1,,,19,,28.56862745
1744498021,31,45,19,1,,,19,,29.68627451
1744498022,36,34,19,1,,,19,,30.80392157
1744498022,30,35,19,1,,,19,,31.92156863
1744498022,31,27,19,1,,,19,,33.03921569
1744498022,29,34,19,1,,,19,,34.15686275
1744498022,32,32,19,1,,,19,,35.2745098
1744498022,33,31,19,1,,,19,,36.39215686
1744498022,31,34,19,1,,,19,,37.50980392
1744498022,35,30,19,1,,,19,,38.62745098
1744498022,37,29,19,1,,,19,,39.74509804
1744498022,38,31,19,1,,,19,,40.8627451
1744498023,34,33,19,1,,,19,,41.98039216
1744498023,36,36,19,1,,,19,,43.09803922
1744498023,30,33,19,1,,,19,,44.21568627
1744498023,0,30,19,1,,,19,,45.33333333
1744498023,0,35,19,1,,,19,,46.45098039
1744498023,2783,22,18,1,,,18,,47.90196078
1744498023,2647,33,18,1,,,18,,49.37254902
1744498023,367,30,18,1,,,18,,50.84313725
1744498023,0,0,18,1,,,18,,52.31372549
1744498023,0,0,18,1,,,18,,53.78431373
1744498024,1316,3096,18,1,,,18,,55.25490196
1744498024,734,3794,18,1,,,18,,56.7254902
1744498024,34,197,18,1,,,18,,58.19607843
1744498024,36,0,18,1,,,18,,59.66666667
1744498024,42,40,18,1,,,18,,61.1372549
1744498024,39,1162,18,1,,,18,,62.60784314
1744498024,35,527,18,1,,,18,,64.07843137
1744498024,36,60,18,1,,,18,,65.54901961
1744498024,40,27,18,1,,,18,,67.01960784
1744498024,32,22,18,1,,,18,,68.49019608
1744498025,24,29,18,1,,,18,,69.96078431
1744498025,32,36,18,1,,,18,,71.43137255
1744498025,34,33,18,1,,,18,,72.90196078
1744498025,36,34,18,1,,,18,,74.37254902
1744498025,22,34,18,1,,,18,,75.84313725
1744498025,29,29,18,1,,,18,,77.31372549
1744498025,27,25,18,1,,,18,,78.78431373
1744498025,27,33,18,1,,,18,,80.25490196
1744498025,25,38,18,1,,,18,,81.7254902
1744498025,27,38,18,1,,,18,,83.19607843
1744498026,35,34,76,1,,,76,,84.68627451
1744498026,40,30,76,1,,,76,,85.03921569
1744498026,25,35,76,1,,,76,,85.39215686
1744498026,30,36,76,1,,,76,,85.74509804
1744498026,34,42,76,1,,,76,,86.09803922
1744498026,36,29,76,1,,,76,,86.45098039
1744498026,17,37,76,1,,,76,,86.80392157
1744498026,29,31,76,1,,,76,,87.15686275
1744498026,39,37,76,1,,,76,,87.50980392
1744498026,34,28,76,1,,,76,,87.8627451
1744498027,33,27,76,1,,,76,,88.21568627
1744498027,35,24,76,1,,,76,,88.56862745
1744498027,37,35,76,1,,,76,,88.92156863
1744498027,35,34,76,1,,,76,,89.2745098
1744498027,12,26,76,1,,,76,,89.62745098
1744498027,0,25,76,1,,,76,,89.98039216
1744498027,148,38,76,1,,,76,,90.33333333
1744498027,3674,32,76,1,,,76,,90.68627451
1744498027,1309,38,76,1,,,76,,91.03921569
1744498027,0,21,76,1,,,76,,91.39215686
1744498028,0,0,76,1,,,76,,91.74509804
1744498028,498,0,76,1,,,76,,92.09803922
1744498028,1003,4209,76,1,,,76,,92.45098039
1744498028,219,1559,76,1,,,76,,92.80392157
1744498028,37,0,76,1,,,76,,93.15686275
1744498028,36,0,93,1,,,93,,93.50980392
1744498028,34,1076,93,1,,,93,,93.52941176
1744498028,28,1031,93,1,,,93,,93.54901961
1744498028,23,56,93,1,,,93,,93.56862745
1744498028,28,40,93,1,,,93,,93.58823529
1744498029,37,33,93,1,,,93,,93.60784314
1744498029,35,28,93,1,,,93,,93.62745098
1744498029,20,35,93,1,,,93,,93.64705882
1744498029,38,31,93,1,,,93,,93.66666667
1744498029,32,34,93,1,,,93,,93.68627451
1744498029,38,28,93,1,,,93,,93.70588235
1744498029,26,39,93,1,,,93,,93.7254902
1744498029,33,34,93,1,,,93,,93.74509804
1744498029,41,32,93,1,,,93,,93.76470588
1744498029,36,26,93,1,,,93,,93.78431373
1744498030,33,28,93,1,,,93,,93.80392157
1744498030,33,37,93,1,,,93,,93.82352941
1744498030,40,27,93,1,,,93,,93.84313725
1744498030,37,22,93,1,,,93,,93.8627451
1744498030,29,34,93,1,,,93,,93.88235294
1744498030,27,33,93,1,,,93,,93.90196078
1744498030,32,25,93,1,,,93,,93.92156863
1744498030,37,26,93,1,,,93,,93.94117647
1744498030,32,35,93,1,,,93,,93.96078431
1744498030,36,27,93,1,,,93,,93.98039216
1744498031,28,36,94,1,,,94,,94.01960784
1744498031,29,31,94,1,,,94,,94.03921569
1744498031,30,39,94,1,,,94,,94.05882353
1744498031,30,36,94,1,,,94,,94.07843137
1744498031,21,31,94,1,,,94,,94.09803922
1744498031,0,21,94,1,,,94,,94.11764706
1744498031,0,23,94,1,,,94,,94.1372549
1744498031,3461,24,94,1,,,94,,94.15686275
1744498031,1504,30,94,1,,,94,,94.17647059
1744498031,0,12,94,1,,,94,,94.19607843
1744498032,0,0,94,1,,,94,,94.21568627
1744498032,559,37,94,1,,,94,,94.23529412
1744498032,948,4165,94,1,,,94,,94.25490196
1744498032,170,1397,94,1,,,94,,94.2745098
1744498032,31,0,94,1,,,94,,94.29411765
1744498032,25,0,94,1,,,94,,94.31372549
1744498032,31,1139,94,1,,,94,,94.33333333
1744498032,31,911,94,1,,,94,,94.35294118
1744498032,34,49,94,1,,,94,,94.37254902
1744498032,38,34,94,1,,,94,,94.39215686
1744498033,37,31,94,1,,,94,,94.41176471
1744498033,30,22,94,1,,,94,,94.43137255
1744498033,32,31,94,1,,,94,,94.45098039
1744498033,38,26,94,1,,,94,,94.47058824
1744498033,25,37,94,1,,,94,,94.49019608
1744498033,33,39,94,1,,,94,,94.50980392
1744498033,36,31,94,1,,,94,,94.52941176
1744498033,39,24,94,1,,,94,,94.54901961
1744498033,35,37,94,1,,,94,,94.56862745
1744498033,40,32,94,1,,,94,,94.58823529
1744498034,28,36,94,1,,,94,,94.60784314
1744498034,29,43,94,1,,,94,,94.62745098
1744498034,36,34,94,1,,,94,,94.64705882
1744498034,37,29,94,1,,,94,,94.66666667
1744498034,32,34,94,1,,,94,,94.68627451
1744498034,35,30,94,1,,,94,,94.70588235
1744498034,37,24,94,1,,,94,,94.7254902
1744498034,35,25,94,1,,,94,,94.74509804
1744498034,32,37,94,1,,,94,,94.76470588
1744498034,39,33,94,1,,,94,,94.78431373
1744498035,36,25,94,1,,,94,,94.80392157
1744498035,31,27,94,1,,,94,,94.82352941
1744498035,29,31,94,1,,,94,,94.84313725
1744498035,33,36,94,1,,,94,,94.8627451
1744498035,45,32,94,1,,,94,,94.88235294
1744498035,35,26,94,1,,,94,,94.90196078
1744498035,0,36,94,1,,,94,,94.92156863
1744498035,0,40,94,1,,,94,,94.94117647
1744498035,3864,31,94,1,,,94,,94.96078431
1744498035,2486,28,94,1,,,94,,94.98039216
1744498036,0,6,95,1,,,95,,94.96078431
1744498036,0,0,95,1,,,95,,94.92156863
1744498036,689,166,95,1,,,95,,94.88235294
1744498036,1305,3707,95,1,,,95,,94.84313725
1744498036,155,1317,95,1,,,95,,94.80392157
1744498036,38,0,95,1,,,95,,94.76470588
1744498036,28,0,95,1,,,95,,94.7254902
1744498036,32,601,95,1,,,95,,94.68627451
1744498036,32,941,95,1,,,95,,94.64705882
1744498036,38,184,95,1,,,95,,94.60784314
1744498037,28,36,95,1,,,95,,94.56862745
1744498037,33,33,95,1,,,95,,94.52941176
1744498037,32,30,95,1,,,95,,94.49019608
1744498037,37,31,95,1,,,95,,94.45098039
1744498037,30,35,95,1,,,95,,94.41176471
1744498037,34,34,95,1,,,95,,94.37254902
1744498037,37,29,95,1,,,95,,94.33333333
1744498037,36,26,95,1,,,95,,94.29411765
1744498037,29,37,95,1,,,95,,94.25490196
1744498037,39,29,95,1,,,95,,94.21568627
1744498038,30,33,95,1,,,95,,94.17647059
1744498038,29,32,95,1,,,95,,94.1372549
1744498038,35,37,95,1,,,95,,94.09803922
1744498038,41,27,95,1,,,95,,94.05882353
1744498038,31,36,95,1,,,95,,94.01960784
1744498038,34,34,95,1,,,95,,92.96078431
1744498038,34,36,95,1,,,95,,91.90196078
1744498038,37,27,95,1,,,95,,90.84313725
1744498038,33,35,95,1,,,95,,89.78431373
1744498038,35,31,95,1,,,95,,88.7254902
1744498039,34,26,95,1,,,95,,87.66666667
1744498039,38,24,95,1,,,95,,86.60784314
1744498039,32,35,95,1,,,95,,85.54901961
1744498039,36,32,95,1,,,95,,84.49019608
1744498039,20,39,95,1,,,95,,83.43137255
1744498039,32,33,95,1,,,95,,82.37254902
1744498039,0,34,95,1,,,95,,81.31372549
1744498039,0,31,95,1,,,95,,80.25490196
1744498039,496,36,95,1,,,95,,79.19607843
1744498039,3905,31,95,1,,,95,,78.1372549
1744498040,1045,29,95,1,,,95,,77.07843137
1744498040,0,9,95,1,,,95,,76.01960784
1744498040,0,0,95,1,,,95,,74.96078431
1744498040,638,139,95,1,,,95,,73.90196078
1744498040,937,4165,95,1,,,95,,72.84313725
1744498040,173,1439,95,1,,,95,,71.78431373
1744498040,30,0,95,1,,,95,,70.7254902
1744498040,34,0,95,1,,,95,,69.66666667
1744498040,30,1092,95,1,,,95,,68.60784314
1744498040,36,1005,95,1,,,95,,67.54901961
1744498041,34,50,93,1,,,93,,67.09803922
1744498041,33,31,93,1,,,93,,66.68627451
1744498041,27,37,93,1,,,93,,66.2745098
1744498041,41,34,93,1,,,93,,65.8627451
1744498041,36,23,93,1,,,93,,65.45098039
1744498041,35,30,93,1,,,93,,65.03921569
1744498041,33,33,93,1,,,93,,64.62745098
1744498041,41,37,93,1,,,93,,64.21568627
1744498041,25,34,93,1,,,93,,63.80392157
1744498041,38,39,93,1,,,93,,63.39215686
1744498042,36,36,93,1,,,93,,62.98039216
1744498042,38,29,93,1,,,93,,62.56862745
1744498042,22,42,93,1,,,93,,62.15686275
1744498042,29,37,93,1,,,93,,61.74509804
1744498042,34,29,93,1,,,93,,61.33333333
1744498042,35,31,93,1,,,93,,60.92156863
1744498042,36,34,93,1,,,93,,60.50980392
1744498042,34,32,93,1,,,93,,60.09803922
1744498042,42,18,93,1,,,93,,59.68627451
1744498042,34,29,93,1,,,93,,59.2745098
1744498043,36,31,93,1,,,93,,58.8627451
1744498043,37,36,93,1,,,93,,58.45098039
1744498043,41,22,93,1,,,93,,58.03921569
1744498043,35,29,93,1,,,93,,57.62745098
1744498043,36,36,93,1,,,93,,57.21568627
1744498043,29,36,41,1,,,41,,57.31372549
1744498043,25,41,41,1,,,41,,58.43137255
1744498043,36,31,41,1,,,41,,59.54901961
1744498043,0,25,41,1,,,41,,60.66666667
1744498043,0,17,41,1,,,41,,61.78431373
1744498044,3603,34,41,1,,,41,,62.90196078
1744498044,2782,36,41,1,,,41,,64.01960784
1744498044,0,8,41,1,,,41,,65.1372549
1744498044,0,0,41,1,,,41,,66.25490196
1744498044,442,0,41,1,,,41,,67.37254902
1744498044,1287,3281,41,1,,,41,,68.49019608
1744498044,228,1758,41,1,,,41,,69.60784314
1744498044,34,2,41,1,,,41,,70.7254902
1744498044,18,0,41,1,,,41,,71.84313725
1744498044,25,266,41,1,,,41,,72.96078431
1744498045,30,1172,41,1,,,41,,74.07843137
1744498045,38,308,41,1,,,41,,75.19607843
1744498045,34,35,41,1,,,41,,76.31372549
1744498045,29,37,41,1,,,41,,77.43137255
1744498045,43,23,41,1,,,41,,78.54901961
1744498045,37,23,41,1,,,41,,79.66666667
1744498045,28,36,41,1,,,41,,80.78431373
1744498045,28,36,41,1,,,41,,81.90196078
1744498045,38,27,41,1,,,41,,83.01960784
1744498045,43,29,41,1,,,41,,84.1372549
1744498051,26,34,72,1,,,72,,85.2745098
1744498051,29,32,72,1,,,72,,85.80392157
1744498051,36,28,72,1,,,72,,86.33333333
1744498051,40,30,72,1,,,72,,86.8627451
1744498051,34,42,72,1,,,72,,87.39215686
1744498051,22,36,72,1,,,72,,87.92156863
1744498051,37,26,72,1,,,72,,88.45098039
1744498051,36,26,72,1,,,72,,88.98039216
1744498051,27,39,72,1,,,72,,89.50980392
1744498051,29,30,72,1,,,72,,90.03921569
1744498052,38,30,72,1,,,72,,90.56862745
1744498052,37,29,72,1,,,72,,91.09803922
1744498052,0,36,72,1,,,72,,91.62745098
1744498052,0,39,72,1,,,72,,92.15686275
1744498052,3788,41,72,1,,,72,,92.68627451
1744498052,2457,26,72,1,,,72,,93.21568627
1744498052,0,9,72,1,,,72,,93.74509804
1744498052,0,0,72,1,,,72,,94.2745098
1744498052,593,106,72,1,,,72,,94.80392157
1744498052,1264,3566,72,1,,,72,,95.33333333
1744498053,192,1417,72,1,,,72,,95.8627451
1744498053,30,0,72,1,,,72,,96.39215686
1744498053,40,0,72,1,,,72,,96.92156863
1744498053,29,333,72,1,,,72,,97.45098039
1744498053,28,1117,72,1,,,72,,97.98039216
1744498053,26,262,98,1,,,98,,98.50980392
1744498053,29,31,98,1,,,98,,98.52941176
1744498053,35,38,98,1,,,98,,98.54901961
1744498053,37,26,98,1,,,98,,98.56862745
1744498053,35,26,98,1,,,98,,98.58823529
1744498054,26,33,98,1,,,98,,98.60784314
1744498054,39,35,98,1,,,98,,98.62745098
1744498054,23,33,98,1,,,98,,98.64705882
1744498054,32,35,98,1,,,98,,98.66666667
1744498054,33,33,98,1,,,98,,98.68627451
1744498054,34,31,98,1,,,98,,98.70588235
1744498054,37,30,98,1,,,98,,98.7254902
1744498054,30,25,98,1,,,98,,98.74509804
1744498054,33,36,98,1,,,98,,98.76470588
1744498054,33,37,98,1,,,98,,98.78431373
1744498055,37,18,98,1,,,98,,98.80392157
1744498055,34,21,98,1,,,98,,98.82352941
1744498055,28,33,98,1,,,98,,98.84313725
1744498055,40,29,98,1,,,98,,98.8627451
1744498055,25,36,98,1,,,98,,98.88235294
1744498055,27,37,98,1,,,98,,98.90196078
1744498055,34,32,98,1,,,98,,98.92156863
1744498055,40,34,98,1,,,98,,98.94117647
1744498055,22,36,98,1,,,98,,98.96078431
1744498055,31,37,98,1,,,98,,98.98039216
1744498056,32,34,99,1,,,99,,99
1744498056,32,29,99,1,,,99,,99
1744498056,26,33,99,1,,,99,,99
1744498056,5,39,99,1,,,99,,99
1744498056,0,31,99,1,,,99,,99
1744498056,175,36,99,1,,,99,,99
1744498056,4098,28,99,1,,,99,,99
1744498056,1335,26,99,1,,,99,,99
1744498056,0,0,99,1,,,99,,99
1744498056,0,0,99,1,,,99,,99
1744498057,973,1308,99,1,,,99,,99
1744498057,1021,4103,99,1,,,99,,99
1744498057,64,679,99,1,,,99,,99
1744498057,43,0,99,1,,,99,,99
1744498057,42,0,99,1,,,99,,99
1744498057,32,764,99,1,,,99,,99
1744498057,30,754,99,1,,,99,,99
1744498057,39,144,99,1,,,99,,99
1744498057,33,27,99,1,,,99,,99
1744498057,29,25,99,1,,,99,,99
1744498058,28,31,99,1,,,99,,99
1744498058,32,30,99,1,,,99,,99
1744498058,27,41,99,1,,,99,,99
1744498058,33,42,99,1,,,99,,99
1744498058,34,32,99,1,,,99,,99
1744498058,36,28,99,1,,,99,,98.98039216
1744498058,22,37,99,1,,,99,,98.96078431
1744498058,25,31,99,1,,,99,,98.94117647
1744498058,31,41,99,1,,,99,,98.92156863
1744498058,38,31,99,1,,,99,,98.90196078
1744498059,39,27,99,1,,,99,,98.88235294
1744498059,36,30,99,1,,,99,,98.8627451
1744498059,31,38,99,1,,,99,,98.84313725
1744498059,32,36,99,1,,,99,,98.82352941
1744498059,39,27,99,1,,,99,,98.80392157
1744498059,40,30,99,1,,,99,,98.78431373
1744498059,35,38,99,1,,,99,,98.76470588
1744498059,35,33,99,1,,,99,,98.74509804
1744498059,33,28,99,1,,,99,,98.7254902
1744498059,32,20,99,1,,,99,,98.70588235
1744498060,32,37,99,1,,,99,,98.68627451
1744498060,29,35,99,1,,,99,,98.66666667
1744498060,38,30,99,1,,,99,,98.64705882
1744498060,36,33,99,1,,,99,,98.62745098
1744498060,24,37,99,1,,,99,,98.60784314
1744498060,0,37,99,1,,,99,,98.58823529
1744498060,0,31,99,1,,,99,,98.56862745
1744498060,453,28,99,1,,,99,,98.54901961
1744498060,3907,27,99,1,,,99,,98.52941176
1744498060,1118,28,99,1,,,99,,98.50980392
1744498061,0,0,99,1,,,99,,98.50980392
1744498061,0,0,99,1,,,99,,98.50980392
1744498061,998,1709,99,1,,,99,,98.50980392
1744498061,897,4086,99,1,,,99,,98.50980392
1744498061,47,484,99,1,,,99,,98.50980392
1744498061,36,0,99,1,,,99,,98.50980392
1744498061,29,0,99,1,,,99,,98.50980392
1744498061,27,937,99,1,,,99,,98.50980392
1744498061,33,558,99,1,,,99,,98.50980392
1744498061,34,61,99,1,,,99,,98.50980392
1744498062,21,41,99,1,,,99,,98.50980392
1744498062,35,34,99,1,,,99,,98.50980392
1744498062,31,31,99,1,,,99,,98.50980392
1744498062,37,29,99,1,,,99,,98.50980392
1744498062,34,39,99,1,,,99,,98.50980392
1744498062,30,37,99,1,,,99,,98.50980392
1744498062,37,25,99,1,,,99,,98.50980392
1744498062,32,27,99,1,,,99,,98.50980392
1744498062,36,37,99,1,,,99,,98.50980392
1744498062,37,35,99,1,,,99,,98.50980392
1744498063,18,33,99,1,,,99,,98.50980392
1744498063,23,37,99,1,,,99,,98.50980392
1744498063,27,32,99,1,,,99,,98.50980392
1744498063,34,38,99,1,,,99,,98.50980392
1744498063,39,32,99,1,,,99,,98.50980392
1744498063,29,26,98,1,,,98,,98.19607843
1744498063,32,27,98,1,,,98,,97.90196078
1744498063,40,27,98,1,,,98,,97.60784314
1744498063,34,35,98,1,,,98,,97.31372549
1744498063,30,40,98,1,,,98,,97.01960784
1744498064,36,28,98,1,,,98,,96.7254902
1744498064,34,31,98,1,,,98,,96.43137255
1744498064,32,41,98,1,,,98,,96.1372549
1744498064,31,34,98,1,,,98,,95.84313725
1744498064,39,34,98,1,,,98,,95.54901961
1744498064,34,34,98,1,,,98,,95.25490196
1744498064,26,36,98,1,,,98,,94.96078431
1744498064,0,39,98,1,,,98,,94.66666667
1744498064,0,35,98,1,,,98,,94.37254902
1744498064,907,30,98,1,,,98,,94.07843137
1744498065,3593,36,98,1,,,98,,93.78431373
1744498065,873,36,98,1,,,98,,93.49019608
1744498065,0,0,98,1,,,98,,93.19607843
1744498065,0,0,98,1,,,98,,92.90196078
1744498065,1060,2052,98,1,,,98,,92.60784314
1744498065,785,4015,98,1,,,98,,92.31372549
1744498065,48,330,98,1,,,98,,92.01960784
1744498065,40,0,98,1,,,98,,91.7254902
1744498065,23,0,98,1,,,98,,91.43137255
1744498065,27,984,98,1,,,98,,91.1372549
1744498066,33,472,99,1,,,99,,89.21568627
1744498066,38,48,99,1,,,99,,87.2745098
1744498066,28,40,99,1,,,99,,85.33333333
1744498066,31,35,99,1,,,99,,83.39215686
1744498066,36,30,99,1,,,99,,81.45098039
1744498066,39,28,99,1,,,99,,79.50980392
1744498066,28,33,99,1,,,99,,77.56862745
1744498066,32,35,99,1,,,99,,75.62745098
1744498066,31,31,99,1,,,99,,73.68627451
1744498066,36,29,99,1,,,99,,71.74509804
1744498067,27,33,99,1,,,99,,69.80392157
1744498067,33,28,99,1,,,99,,67.8627451
1744498067,35,27,99,1,,,99,,65.92156863
1744498067,30,29,99,1,,,99,,63.98039216
1744498067,37,30,99,1,,,99,,62.03921569
1744498067,38,32,99,1,,,99,,60.09803922
1744498067,42,29,99,1,,,99,,58.15686275
1744498067,39,25,99,1,,,99,,56.21568627
1744498067,30,32,99,1,,,99,,54.2745098
1744498067,41,27,99,1,,,99,,52.33333333
1744498068,38,27,99,1,,,99,,50.39215686
1744498068,32,21,99,1,,,99,,48.45098039
1744498068,34,33,99,1,,,99,,46.50980392
1744498068,30,34,99,1,,,99,,44.56862745
1744498068,43,28,99,1,,,99,,42.62745098
1744498068,29,33,83,1,,,83,,42.58823529
1744498068,34,37,83,1,,,83,,42.8627451
1744498068,39,32,83,1,,,83,,43.1372549
1744498068,36,28,83,1,,,83,,43.41176471
1744498068,0,24,83,1,,,83,,43.68627451
1744498069,0,37,83,1,,,83,,43.96078431
1744498069,974,39,83,1,,,83,,44.23529412
1744498069,3426,34,83,1,,,83,,44.50980392
1744498069,657,27,83,1,,,83,,44.78431373
1744498069,0,0,83,1,,,83,,45.05882353
1744498069,0,0,83,1,,,83,,45.33333333
1744498069,1145,2928,83,1,,,83,,45.60784314
1744498069,615,3629,83,1,,,83,,45.88235294
1744498069,39,126,83,1,,,83,,46.15686275
1744498069,35,0,83,1,,,83,,46.43137255
1744498070,28,51,83,1,,,83,,46.70588235
1744498070,31,1063,83,1,,,83,,46.98039216
1744498070,28,531,83,1,,,83,,47.25490196
1744498070,30,65,83,1,,,83,,47.52941176
1744498070,34,27,83,1,,,83,,47.80392157
1744498070,38,27,83,1,,,83,,48.07843137
1744498070,29,43,83,1,,,83,,48.35294118
1744498070,29,36,83,1,,,83,,48.62745098
1744498070,40,29,83,1,,,83,,48.90196078
1744498070,38,31,83,1,,,83,,49.17647059
1744498071,29,39,0,1,,,0,,49.35294118
1744498071,30,35,0,1,,,0,,51.15686275
1744498071,27,34,0,1,,,0,,52.96078431
1744498071,28,38,0,1,,,0,,54.76470588
1744498071,34,33,0,1,,,0,,56.56862745
1744498071,31,40,0,1,,,0,,58.37254902
1744498071,27,30,0,1,,,0,,60.17647059
1744498071,34,37,0,1,,,0,,61.98039216
1744498071,35,41,0,1,,,0,,63.78431373
1744498071,33,31,0,1,,,0,,65.58823529
1744498072,38,36,0,1,,,0,,67.39215686
1744498072,41,30,0,1,,,0,,69.19607843
1744498072,39,27,0,1,,,0,,71
1744498072,34,31,0,1,,,0,,72.80392157
1744498072,29,41,0,1,,,0,,74.60784314
1744498072,28,33,0,1,,,0,,76.41176471
1744498072,28,40,0,1,,,0,,78.21568627
1744498072,32,33,0,1,,,0,,80.01960784
1744498072,33,37,0,1,,,0,,81.82352941
1744498072,34,41,0,1,,,0,,83.62745098
1744498073,9,35,0,1,,,0,,85.43137255
1744498073,0,36,0,1,,,0,,87.23529412
1744498073,0,33,0,1,,,0,,89.03921569
1744498073,3498,34,0,1,,,0,,90.84313725
1744498073,1936,33,0,1,,,0,,92.64705882
1744498073,43,25,97,1,,,97,,94.47058824
1744498073,0,0,97,1,,,97,,94.39215686
1744498073,154,0,97,1,,,97,,94.31372549
1744498073,1358,4121,97,1,,,97,,94.23529412
1744498073,424,2665,97,1,,,97,,94.15686275
1744498074,25,0,97,1,,,97,,94.07843137
1744498074,34,0,97,1,,,97,,94
1744498074,34,734,97,1,,,97,,93.92156863
1744498074,40,1358,97,1,,,97,,93.84313725
1744498074,30,135,97,1,,,97,,93.76470588
1744498074,40,25,97,1,,,97,,93.68627451
1744498074,30,25,97,1,,,97,,93.60784314
1744498074,30,26,97,1,,,97,,93.52941176
1744498074,28,31,97,1,,,97,,93.45098039
1744498074,35,31,97,1,,,97,,93.37254902
1744498075,24,40,97,1,,,97,,93.29411765
1744498075,31,39,97,1,,,97,,93.21568627
1744498075,36,32,97,1,,,97,,93.1372549
1744498075,37,28,97,1,,,97,,93.05882353
1744498075,21,33,97,1,,,97,,92.98039216
1744498075,28,39,97,1,,,97,,92.90196078
1744498075,36,28,97,1,,,97,,92.82352941
1744498075,42,26,97,1,,,97,,92.74509804
1744498075,30,35,97,1,,,97,,92.66666667
1744498075,34,36,97,1,,,97,,92.58823529
1744498076,23,37,92,1,,,92,,92.35294118
1744498076,26,35,92,1,,,92,,92.21568627
1744498076,37,32,92,1,,,92,,92.07843137
1744498076,34,25,92,1,,,92,,91.94117647
1744498076,26,32,92,1,,,92,,91.80392157
1744498076,32,42,92,1,,,92,,91.66666667
1744498076,33,35,92,1,,,92,,91.52941176
1744498076,36,33,92,1,,,92,,91.39215686
1744498076,45,25,92,1,,,92,,91.25490196
1744498076,37,29,92,1,,,92,,91.11764706
1744498077,35,31,92,1,,,92,,90.98039216
1744498077,25,31,92,1,,,92,,90.84313725
1744498077,0,38,92,1,,,92,,90.70588235
1744498077,0,32,92,1,,,92,,90.56862745
1744498077,3781,35,92,1,,,92,,90.43137255
1744498077,3022,26,92,1,,,92,,90.29411765
1744498077,0,16,92,1,,,92,,90.15686275
1744498077,0,0,92,1,,,92,,90.01960784
1744498077,615,68,92,1,,,92,,89.88235294
1744498077,1449,3765,92,1,,,92,,89.74509804
1744498078,177,1381,92,1,,,92,,89.60784314
1744498078,30,0,92,1,,,92,,89.47058824
1744498078,30,0,92,1,,,92,,89.33333333
1744498078,29,557,92,1,,,92,,89.19607843
1744498078,31,1070,92,1,,,92,,89.05882353
1744498078,27,203,93,1,,,93,,88.92156863
1744498078,31,37,93,1,,,93,,88.76470588
1744498078,34,28,93,1,,,93,,88.60784314
1744498078,46,34,93,1,,,93,,88.45098039
1744498078,41,28,93,1,,,93,,88.29411765
1744498079,29,36,93,1,,,93,,88.1372549
1744498079,34,34,93,1,,,93,,87.98039216
1744498079,38,32,93,1,,,93,,87.82352941
1744498079,37,28,93,1,,,93,,87.66666667
1744498079,33,36,93,1,,,93,,87.50980392
1744498079,32,35,93,1,,,93,,87.35294118
1744498079,39,22,93,1,,,93,,87.19607843
1744498079,34,25,93,1,,,93,,87.03921569
1744498079,35,36,93,1,,,93,,86.88235294
1744498079,39,37,93,1,,,93,,86.7254902
1744498080,32,39,93,1,,,93,,86.56862745
1744498080,32,32,93,1,,,93,,86.41176471
1744498080,38,30,93,1,,,93,,86.25490196
1744498080,35,32,93,1,,,93,,86.09803922
1744498080,33,32,93,1,,,93,,85.94117647
1744498080,32,34,93,1,,,93,,85.78431373
1744498080,35,24,93,1,,,93,,85.62745098
1744498080,31,29,93,1,,,93,,85.47058824
1744498080,34,36,93,1,,,93,,85.31372549
1744498080,36,30,93,1,,,93,,85.15686275
1744498081,23,40,85,1,,,85,,84.58823529
1744498081,31,30,85,1,,,85,,84.17647059
1744498081,0,31,85,1,,,85,,83.76470588
1744498081,0,33,85,1,,,85,,83.35294118
1744498081,1177,29,85,1,,,85,,82.94117647
1744498081,4377,29,85,1,,,85,,82.52941176
1744498081,848,28,85,1,,,85,,82.11764706
1744498081,0,0,85,1,,,85,,81.70588235
1744498081,0,0,85,1,,,85,,81.29411765
1744498081,1013,708,85,1,,,85,,80.88235294
1744498082,796,4079,85,1,,,85,,80.47058824
1744498082,99,936,85,1,,,85,,80.05882353
1744498082,34,0,85,1,,,85,,79.64705882
1744498082,23,0,85,1,,,85,,79.23529412
1744498082,32,1503,85,1,,,85,,78.82352941
1744498082,39,759,85,1,,,85,,78.41176471
1744498082,27,41,85,1,,,85,,78
1744498082,32,29,85,1,,,85,,77.58823529
1744498082,38,24,85,1,,,85,,77.17647059
1744498082,36,29,85,1,,,85,,76.76470588
1744498083,29,32,85,1,,,85,,76.35294118
1744498083,39,31,85,1,,,85,,75.94117647
1744498083,22,39,85,1,,,85,,75.52941176
1744498083,27,29,85,1,,,85,,75.11764706
1744498083,36,30,85,1,,,85,,74.70588235
1744498083,39,32,85,1,,,85,,74.29411765
1744498083,35,33,85,1,,,85,,73.88235294
1744498083,35,29,85,1,,,85,,73.47058824
1744498083,30,34,85,1,,,85,,73.05882353
1744498084,36,35,85,1,,,85,,72.64705882
1744498084,31,33,85,1,,,85,,72.23529412
1744498084,32,36,85,1,,,85,,71.82352941
1744498084,39,32,85,1,,,85,,71.41176471
1744498084,34,26,85,1,,,85,,71
1744498084,23,35,85,1,,,85,,70.58823529
1744498084,30,37,85,1,,,85,,70.17647059
1744498084,42,33,85,1,,,85,,69.76470588
1744498084,39,30,85,1,,,85,,69.35294118
1744498084,36,36,85,1,,,85,,68.94117647
1744498084,33,36,85,1,,,85,,68.52941176
1744498085,35,32,85,1,,,85,,68.11764706
1744498085,31,26,85,1,,,85,,67.70588235
1744498085,25,39,85,1,,,85,,67.29411765
1744498085,0,37,85,1,,,85,,66.88235294
1744498085,0,36,85,1,,,85,,66.47058824
1744498085,2349,34,85,1,,,85,,66.05882353
1744498085,3052,38,85,1,,,85,,65.64705882
1744498085,487,31,85,1,,,85,,65.23529412
1744498085,0,0,85,1,,,85,,64.82352941
1744498086,0,0,85,1,,,85,,64.41176471
1744498086,1492,2919,64,1,,,64,,64.64705882
1744498086,910,4258,64,1,,,64,,65.29411765
1744498086,33,227,64,1,,,64,,65.94117647
1744498086,40,0,64,1,,,64,,66.58823529
1744498086,25,4,64,1,,,64,,67.23529412
1744498086,25,1276,64,1,,,64,,67.88235294
1744498086,31,670,64,1,,,64,,68.52941176
1744498086,33,64,64,1,,,64,,69.17647059
1744498086,35,36,64,1,,,64,,69.82352941
1744498087,42,39,64,1,,,64,,70.47058824
1744498087,34,22,64,1,,,64,,71.11764706
1744498087,32,30,64,1,,,64,,71.76470588
1744498087,31,38,64,1,,,64,,72.41176471
1744498087,32,37,64,1,,,64,,73.05882353
1744498087,26,35,64,1,,,64,,73.70588235
1744498087,26,43,64,1,,,64,,74.35294118
1744498087,41,35,64,1,,,64,,75
1744498087,39,30,64,1,,,64,,75.64705882
1744498087,28,35,64,1,,,64,,76.29411765
1744498088,33,28,64,1,,,64,,76.94117647
1744498088,36,23,64,1,,,64,,77.58823529
1744498088,31,29,64,1,,,64,,78.23529412
1744498088,30,35,64,1,,,64,,78.88235294
1744498088,33,32,64,1,,,64,,79.52941176
1744498088,39,25,64,1,,,64,,80.17647059
1744498088,36,29,64,1,,,64,,80.82352941
1744498088,30,34,64,1,,,64,,81.47058824
1744498088,44,33,64,1,,,64,,82.11764706
1744498088,33,25,64,1,,,64,,82.76470588
1744498089,37,20,64,1,,,64,,83.41176471
1744498089,34,39,64,1,,,64,,84.05882353
1744498089,38,29,64,1,,,64,,84.70588235
1744498089,25,36,64,1,,,64,,85.35294118
1744498089,27,38,64,1,,,64,,86
1744498089,24,38,64,1,,,64,,86.64705882
1744498089,0,30,64,1,,,64,,87.29411765
1744498089,0,31,64,1,,,64,,87.94117647
1744498089,2983,31,64,1,,,64,,88.58823529
1744498089,2388,39,64,1,,,64,,89.23529412
1744498090,189,25,64,1,,,64,,89.88235294
1744498090,0,0,64,1,,,64,,90.52941176
1744498090,61,0,64,1,,,64,,91.17647059
1744498090,1562,4085,64,1,,,64,,91.82352941
1744498090,511,2857,64,1,,,64,,92.47058824
1744498090,29,0,64,1,,,64,,93.11764706
1744498090,32,0,64,1,,,64,,93.76470588
1744498090,37,763,64,1,,,64,,94.41176471
1744498090,34,1566,64,1,,,64,,95.05882353
1744498090,40,142,64,1,,,64,,95.70588235
1744498091,30,24,64,1,,,64,,96.35294118
1744498093,29,39,97,1,,,97,,97.03921569
1744498093,0,39,97,1,,,97,,97.07843137
1744498093,0,38,97,1,,,97,,97.11764706
1744498093,3646,32,97,1,,,97,,97.15686275
1744498094,3747,29,97,1,,,97,,97.19607843
1744498094,48,31,97,1,,,97,,97.23529412
1744498094,0,0,97,1,,,97,,97.2745098
1744498094,189,0,97,1,,,97,,97.31372549
1744498094,1489,2836,97,1,,,97,,97.35294118
1744498094,453,2675,97,1,,,97,,97.39215686
1744498094,31,229,97,1,,,97,,97.43137255
1744498094,23,0,97,1,,,97,,97.47058824
1744498094,28,52,97,1,,,97,,97.50980392
1744498094,35,1577,97,1,,,97,,97.54901961
1744498095,38,501,97,1,,,97,,97.58823529
1744498095,37,33,97,1,,,97,,97.62745098
1744498095,32,31,97,1,,,97,,97.66666667
1744498095,35,33,97,1,,,97,,97.70588235
1744498095,33,29,97,1,,,97,,97.74509804
1744498095,37,36,97,1,,,97,,97.78431373
1744498095,40,34,97,1,,,97,,97.82352941
1744498095,27,36,97,1,,,97,,97.8627451
1744498095,29,33,97,1,,,97,,97.90196078
1744498095,40,32,97,1,,,97,,97.94117647
1744498096,39,27,97,1,,,97,,97.98039216
1744498096,28,34,97,1,,,97,,97.98039216
1744498096,33,31,97,1,,,97,,97.98039216
1744498096,20,36,97,1,,,97,,97.98039216
1744498096,32,37,97,1,,,97,,97.98039216
1744498096,29,35,97,1,,,97,,97.98039216
1744498096,35,34,97,1,,,97,,97.98039216
1744498096,38,21,97,1,,,97,,97.98039216
1744498096,34,25,97,1,,,97,,97.98039216
1744498096,34,33,97,1,,,97,,97.98039216
1744498097,39,32,97,1,,,97,,97.98039216
1744498097,40,32,97,1,,,97,,97.98039216
1744498097,36,29,97,1,,,97,,98
1744498097,36,32,97,1,,,97,,98.02040816
1744498097,35,30,97,1,,,97,,98.04166667
1744498097,42,35,97,1,,,97,,98.06382979
1744498097,38,23,97,1,,,97,,98.08695652
1744498097,34,34,97,1,,,97,,98.11111111
1744498097,0,23,97,1,,,97,,98.13636364
1744498097,0,27,97,1,,,97,,98.1627907
1744498098,2052,31,97,1,,,97,,98.19047619
1744498098,3317,32,97,1,,,97,,98.2195122
1744498098,578,22,97,1,,,97,,98.25
1744498098,0,0,97,1,,,97,,98.28205128
1744498098,0,0,97,1,,,97,,98.31578947
1744498098,1572,3515,97,1,,,97,,98.35135135
1744498098,717,3818,99,1,,,99,,98.38888889
1744498098,35,34,99,1,,,99,,98.37142857
1744498098,30,0,99,1,,,99,,98.35294118
1744498098,35,232,99,1,,,99,,98.33333333
1744498099,36,1521,99,1,,,99,,98.3125
1744498099,32,374,99,1,,,99,,98.29032258
1744498099,32,28,99,1,,,99,,98.26666667
1744498099,34,36,99,1,,,99,,98.24137931
1744498099,35,36,99,1,,,99,,98.21428571
1744498099,23,34,99,1,,,99,,98.18518519
1744498099,33,37,99,1,,,99,,98.15384615
1744498099,36,35,99,1,,,99,,98.12
1744498099,38,33,99,1,,,99,,98.08333333
1744498099,31,39,99,1,,,99,,98.04347826
1744498100,33,35,99,1,,,99,,98
1744498100,34,35,99,1,,,99,,97.95238095
1744498100,37,36,99,1,,,99,,97.9
1744498100,25,36,99,1,,,99,,97.84210526
1744498100,26,38,99,1,,,99,,97.77777778
1744498100,33,32,99,1,,,99,,97.70588235
1744498100,36,31,99,1,,,99,,97.625
1744498100,28,36,99,1,,,99,,97.53333333
1744498100,30,38,99,1,,,99,,97.42857143
1744498100,42,31,99,1,,,99,,97.30769231
1744498101,34,23,99,1,,,99,,97.16666667
1744498101,30,32,97,1,,,97,,97
1744498101,37,33,97,1,,,97,,97
1744498101,40,26,97,1,,,97,,97
1744498101,34,28,97,1,,,97,,97
1744498101,27,34,97,1,,,97,,97
1744498101,29,39,97,1,,,97,,97
1744498101,35,28,97,1,,,97,,97
1744498101,31,26,97,1,,,97,,97
1744498101,22,44,97,1,,,97,,97
1744498102,0,41,97,1,,,97,,97
1744498102,0,35,97,1,,,97,,97
